,id,x1,eps,y,y_cen,left,right
0,1,-12.801019571599255,1.0743614124384175,11.67385162663879,11.67385162663879,11.67385162663879,16.67385162663879
1,2,-94.81475363442173,1.9961107776075118,0.0,0.0,-inf,20.0
2,3,9.932495575741825,0.3454493700536566,22.31169715792457,22.31169715792457,22.31169715792457,22.31169715792457
3,4,-12.935521476344618,-0.38280309959716463,10.149436162230526,10.149436162230526,10.149436162230526,15.149436162230526
4,5,-15.926439582502198,-1.1133013122888222,7.923478896460079,7.923478896460079,7.923478896460079,7.923478896460079
5,6,-33.93303579922518,0.2580030246049355,0.29148512499234525,0.29148512499234525,0.29148512499234525,0.29148512499234525
6,7,-59.0702731924315,-0.8484144574350586,0.0,0.0,-inf,20.0
7,8,23.85419327013274,-1.3584540451126368,27.568642589953733,27.568642589953733,27.568642589953733,27.568642589953733
8,9,-40.069065265095375,-0.20284073751885984,0.0,0.0,-inf,20.0
9,10,-46.63454497942667,0.6711467630763592,0.0,0.0,-inf,20.0
10,11,24.22676655385898,-0.3099831748776173,28.80340010205187,28.80340010205187,28.80340010205187,28.80340010205187
11,12,5.8284188554078185,-1.0533320111739566,18.860877416529952,18.860877416529952,18.860877416529952,23.860877416529952
12,13,-73.0840109310133,0.14164145333083517,0.0,0.0,-inf,20.0
13,14,2.7156242531492865,-1.2441039398488116,17.11370818672583,17.11370818672583,17.11370818672583,22.11370818672583
14,15,-63.112026870616944,-1.5183726265876742,0.0,0.0,-inf,20.0
15,16,57.0670295633347,1.4589709711560053,46.992485752823356,46.992485752823356,46.992485752823356,46.992485752823356
16,17,70.79505852789777,0.24287429101830016,52.640403554967186,50.0,52.640403554967186,inf
17,18,-1.152632523614443,1.9802199546498271,18.403903692842604,18.403903692842604,18.403903692842604,23.403903692842604
18,19,69.31229707149359,-1.4746279564664293,50.18152057928037,50.0,50.18152057928037,inf
19,20,-84.07090459818781,1.0369178206413683,0.0,0.0,-inf,20.0
20,21,1.0492180243407887,-0.17685588878250658,17.34775312338789,17.34775312338789,17.34775312338789,22.34775312338789
21,22,-86.94269912262438,2.6796442348500067,0.0,0.0,-inf,20.0
22,23,-14.375534480522106,-0.21542415113880914,9.596808608600139,9.596808608600139,9.596808608600139,9.596808608600139
23,24,-80.69381686787749,-0.44445477140699097,0.0,0.0,-inf,20.0
24,25,-74.5680056597445,0.42382096062950586,0.0,0.0,-inf,20.0
25,26,19.34906179571915,0.18896099506741396,26.86349189292699,26.86349189292699,26.86349189292699,26.86349189292699
26,27,-54.79759987915283,-0.45913492833402875,0.0,0.0,-inf,20.0
27,28,-78.61086313800341,0.9117478653157223,0.0,0.0,-inf,20.0
28,29,-55.93875858588806,0.6901809236186843,0.0,0.0,-inf,20.0
29,30,-30.034742999340153,0.8856915029709866,2.86832000330091,2.86832000330091,2.86832000330091,2.86832000330091
30,31,-6.442503083539947,0.40041884763722146,14.179167305867248,14.179167305867248,14.179167305867248,19.179167305867246
31,32,-59.651354747006934,-0.7096541894024758,0.0,0.0,-inf,20.0
32,33,28.081345042982974,-0.7002780873628642,30.340394434128623,30.340394434128623,30.340394434128623,30.340394434128623
33,34,-3.3860328896496696,0.5929927932633268,15.899976348438493,15.899976348438493,15.899976348438493,20.899976348438493
34,35,1.0473440037098243,-0.9390573666975149,16.584614635157397,16.584614635157397,16.584614635157397,21.584614635157397
35,36,-22.621469776288137,1.6980445091810443,7.387309621036976,7.387309621036976,7.387309621036976,7.387309621036976
36,37,58.7274908883154,0.03249471822108281,46.39624016237878,46.39624016237878,46.39624016237878,46.39624016237878
37,38,16.000835775561328,-0.7941779636336767,24.20623992414699,24.20623992414699,24.20623992414699,24.20623992414699
38,39,-67.54028029953722,1.0375649064595,0.0,0.0,-inf,20.0
39,40,40.150469321431245,-0.020193338568806982,37.05504132214681,37.05504132214681,37.05504132214681,37.05504132214681
40,41,92.91021601785104,1.1971798354351166,64.65228784436064,50.0,64.65228784436064,inf
41,42,0.0016722340433545924,0.21178717776129832,17.212623294782976,17.212623294782976,17.212623294782976,22.212623294782976
42,43,77.90401278922897,1.7682974317451594,57.72030382635965,50.0,57.72030382635965,inf
43,44,-31.677269465778068,-0.3834851831001172,0.7778800840108491,0.7778800840108491,0.7778800840108491,0.7778800840108491
44,45,13.428825525541853,-2.184177564251296,21.53023519851963,21.53023519851963,21.53023519851963,21.53023519851963
45,46,-14.490807340777991,-1.5162047609820084,8.238391568628996,8.238391568628996,8.238391568628996,8.238391568628996
46,47,-12.6505473946402,-1.6338836313995553,9.040842671280345,9.040842671280345,9.040842671280345,9.040842671280345
47,48,55.31183699942005,0.5898943038706894,45.24581280358071,45.24581280358071,45.24581280358071,45.24581280358071
48,49,7.120834699531258,1.809144985113021,22.36956233487865,22.36956233487865,22.36956233487865,22.36956233487865
49,50,90.74844538897332,-0.1950379091272407,62.17918478535942,50.0,62.17918478535942,inf
50,51,8.841632029620428,-1.3343585791101273,20.086457435700087,20.086457435700087,20.086457435700087,20.086457435700087
51,52,-83.58101554499504,0.6829213706163153,0.0,0.0,-inf,20.0
52,53,-26.731519664995915,0.4537017730776355,4.087941940579678,4.087941940579678,4.087941940579678,4.087941940579678
53,54,70.17010080090034,-0.381164619520885,51.703885780929284,50.0,51.703885780929284,inf
54,55,-18.744991390409837,0.40794836267042056,8.035452667465503,8.035452667465503,8.035452667465503,8.035452667465503
55,56,-94.55952682103008,0.006410206412873419,0.0,0.0,-inf,20.0
56,57,-50.564552200529334,-1.1502176711378702,0.0,0.0,-inf,20.0
57,58,-86.57112585260907,0.6856177463289291,0.0,0.0,-inf,20.0
58,59,98.77040228425457,-0.5047683741190548,65.88043276800823,50.0,65.88043276800823,inf
59,60,94.1160626754347,-0.9496888805197257,63.10834245719763,50.0,63.10834245719763,inf
60,61,60.05167022651736,-0.2363233910209902,46.78951172223769,46.78951172223769,46.78951172223769,46.78951172223769
61,62,20.363424281093472,1.5680050024093828,28.74971714295612,28.74971714295612,28.74971714295612,28.74971714295612
62,63,52.991972090336304,1.962369646323448,45.4583556914916,45.4583556914916,45.4583556914916,45.4583556914916
63,64,-66.15491068316442,1.4001368343572698,0.0,0.0,-inf,20.0
64,65,-41.39535363611204,-0.4950024225737853,0.0,0.0,-inf,20.0
65,66,4.813375060072843,-1.0271690756181238,18.3795184544183,18.3795184544183,18.3795184544183,23.3795184544183
66,67,-28.67514377544822,0.3439427240421271,3.006370836318017,3.006370836318017,3.006370836318017,3.006370836318017
67,68,-90.86420695091999,-0.16200335506054586,0.0,0.0,-inf,20.0
68,69,96.63068907144253,0.13903252680171282,65.45437706252298,50.0,65.45437706252298,inf
69,70,-11.729016129030654,-1.1304040903383152,10.005087845146358,10.005087845146358,10.005087845146358,15.005087845146358
70,71,0.8000878758305277,-0.8862191251508665,16.513824812764398,16.513824812764398,16.513824812764398,21.513824812764398
71,72,-35.29173649306023,-1.0758922738636993,0.0,0.0,-inf,20.0
72,73,-48.05104945057259,0.7727037398279535,0.0,0.0,-inf,20.0
73,74,-22.622022935847525,1.0623193136898084,6.751307845766046,6.751307845766046,6.751307845766046,6.751307845766046
74,75,66.40337992690019,-0.6826236006876765,49.519066362762416,49.519066362762416,49.519066362762416,49.519066362762416
75,76,47.34941125742259,0.5826138312017708,41.25731945991306,41.25731945991306,41.25731945991306,41.25731945991306
76,77,-24.15788661167251,0.6415400191927079,5.562596713356453,5.562596713356453,5.562596713356453,5.562596713356453
77,78,-97.39653266108988,-0.7399318698030295,0.0,0.0,-inf,20.0
78,79,59.480987806518726,0.009876068981459672,46.750369972240826,46.750369972240826,46.750369972240826,46.750369972240826
79,80,-46.12224048073976,0.8134336738755577,0.0,0.0,-inf,20.0
80,81,16.536977705806905,-1.0146626830717715,24.25382616983168,24.25382616983168,24.25382616983168,24.25382616983168
81,82,-94.88981163006144,1.2462817323081579,0.0,0.0,-inf,20.0
82,83,32.440403853665146,-0.20617025190204297,33.01403167493053,33.01403167493053,33.01403167493053,33.01403167493053
83,84,-22.495314825343698,0.059367594634301774,5.811710181962453,5.811710181962453,5.811710181962453,5.811710181962453
84,85,-0.5852402530974814,-0.24434910997234527,16.463030763478915,16.463030763478915,16.463030763478915,21.463030763478915
85,86,-17.01883252506255,-1.4817715470637092,7.008812190405016,7.008812190405016,7.008812190405016,7.008812190405016
86,87,-29.825619739671907,0.33903748003994033,2.426227610203987,2.426227610203987,2.426227610203987,2.426227610203987
87,88,10.195581064883854,-0.006827494162580527,22.090963038279348,22.090963038279348,22.090963038279348,22.090963038279348
88,89,94.58213797496498,-0.41013674172266634,63.88093224575982,50.0,63.88093224575982,inf
89,90,-77.4447569523857,-0.21994216650674767,0.0,0.0,-inf,20.0
90,91,-37.348294314057284,0.41730922328659115,0.0,0.0,-inf,20.0
91,92,-91.64045803693799,-0.14741708417411323,0.0,0.0,-inf,20.0
92,93,47.67995172418006,-0.5302427526239428,40.30973310946609,40.30973310946609,40.30973310946609,40.30973310946609
93,94,31.50247753180878,0.08043039884739027,32.83166916475178,32.83166916475178,32.83166916475178,32.83166916475178
94,95,-57.07285072000927,0.754160972742026,0.0,0.0,-inf,20.0
95,96,-16.64931196093258,0.03592528245511326,8.711269301988823,8.711269301988823,8.711269301988823,8.711269301988823
96,97,28.768386829639013,-0.7961813948338929,30.588012019985612,30.588012019985612,30.588012019985612,30.588012019985612
97,98,32.296265343088265,0.8308785343568844,33.97901120590102,33.97901120590102,33.97901120590102,33.97901120590102
98,99,-65.90457330324585,-0.2964085712030862,0.0,0.0,-inf,20.0
99,100,76.3304471497097,0.5853600987059865,55.75058367356083,50.0,55.75058367356083,inf
100,101,55.60163196169364,-0.14596441094008608,44.65485156990673,44.65485156990673,44.65485156990673,44.65485156990673
101,102,-73.20915836566179,-0.9442982757017118,0.0,0.0,-inf,20.0
102,103,73.78332528641576,-1.2751125538827608,52.616550089325116,50.0,52.616550089325116,inf
103,104,49.755575655370905,-0.9005003138910339,40.977287513794415,40.977287513794415,40.977287513794415,40.977287513794415
104,105,59.71713081981619,-0.23414099912973063,46.62442441077837,46.62442441077837,46.62442441077837,46.62442441077837
105,106,8.66904611678055,-2.2526852817522354,19.08183777663804,19.08183777663804,19.08183777663804,24.08183777663804
106,107,-55.832416987707624,0.38300857986707637,0.0,0.0,-inf,20.0
107,108,83.6917293179201,1.0996086261478037,59.94547328510786,50.0,59.94547328510786,inf
108,109,18.416915533275272,-0.2421620155632103,25.966295751074426,25.966295751074426,25.966295751074426,25.966295751074426
109,110,-30.752418108970716,-1.1095080008807998,0.5142829446338424,0.5142829446338424,0.5142829446338424,0.5142829446338424
110,111,-47.24429414399604,-1.6669771278806946,0.0,0.0,-inf,20.0
111,112,82.7830954330264,0.22531780220998399,58.61686551872319,50.0,58.61686551872319,inf
112,113,-16.052907738635852,0.4119756892351083,9.385521819917182,9.385521819917182,9.385521819917182,9.385521819917182
113,114,8.038303133426169,0.05758565058515076,21.076737217298234,21.076737217298234,21.076737217298234,21.076737217298234
114,115,21.68843156100992,0.6963611506758581,28.54057693118082,28.54057693118082,28.54057693118082,28.54057693118082
115,116,65.24996568683159,-0.6724204209366768,48.95256242247912,48.95256242247912,48.95256242247912,48.95256242247912
116,117,24.71263691242615,-0.2525458822395315,29.103772573973544,29.103772573973544,29.103772573973544,29.103772573973544
117,118,-64.65756768311479,0.2757510901775246,0.0,0.0,-inf,20.0
118,119,18.25147053070917,-0.22603156340188285,25.899703701952703,25.899703701952703,25.899703701952703,25.899703701952703
119,120,-2.146766601028176,0.48720023996831563,16.41381693945423,16.41381693945423,16.41381693945423,21.41381693945423
120,121,9.581556018075332,0.49558839534617405,22.28636640438384,22.28636640438384,22.28636640438384,22.28636640438384
121,122,39.904123958109636,-0.27182112632644256,36.680240852728375,36.680240852728375,36.680240852728375,36.680240852728375
122,123,-50.837767219173855,-0.9639652133297858,0.0,0.0,-inf,20.0
123,124,-62.67457088270396,-0.7243774094634233,0.0,0.0,-inf,20.0
124,125,-77.88337044076778,1.0955422592558364,0.0,0.0,-inf,20.0
125,126,-45.188149492789265,-1.204167968908614,0.0,0.0,-inf,20.0
126,127,-97.94999212008182,0.05973095330143845,0.0,0.0,-inf,20.0
127,128,25.871944565916436,-0.9963251548243026,28.939647128133917,28.939647128133917,28.939647128133917,28.939647128133917
128,129,-40.9655389560515,2.307115280692177,0.0,0.0,-inf,20.0
129,130,-62.542691059620445,-0.6345411501215028,0.0,0.0,-inf,20.0
130,131,-80.94238954783926,0.633710809010041,0.0,0.0,-inf,20.0
131,132,-43.24883850694907,-0.968499758582551,0.0,0.0,-inf,20.0
132,133,-57.01512317386095,3.1919012466454055,0.0,0.0,-inf,20.0
133,134,-42.87925321781954,-1.3362268659192313,0.0,0.0,-inf,20.0
134,135,-5.718028506064201,0.3564358186661671,14.497421565634067,14.497421565634067,14.497421565634067,19.497421565634067
135,136,9.899364217681608,-1.2530646968930834,20.69661741194772,20.69661741194772,20.69661741194772,20.69661741194772
136,137,69.02262311494033,0.8192068337097612,52.33051839117993,50.0,52.33051839117993,inf
137,138,97.70194015683288,-1.2558122151766846,64.59515786323975,50.0,64.59515786323975,inf
138,139,-90.22638275412973,-0.44351146249296436,0.0,0.0,-inf,20.0
139,140,-53.57634971276721,-1.5951343988587234,0.0,0.0,-inf,20.0
140,141,28.662285449647044,-0.3977057560857359,30.933436968737787,30.933436968737787,30.933436968737787,30.933436968737787
141,142,-67.70668742166465,0.0006286841107976548,0.0,0.0,-inf,20.0
142,143,74.02917867380029,1.7412245569739742,55.75581389387412,50.0,55.75581389387412,inf
143,144,-56.519514738994815,-2.3030328195053826,0.0,0.0,-inf,20.0
144,145,48.351007776689784,0.5449118010407394,41.72041568938563,41.72041568938563,41.72041568938563,41.72041568938563
145,146,30.604102646220213,0.04193095104817933,32.343982274158286,32.343982274158286,32.343982274158286,32.343982274158286
146,147,59.77710230092592,-0.6089141957968919,46.27963695466607,46.27963695466607,46.27963695466607,46.27963695466607
147,148,-93.75048754694768,-0.21219413822626743,0.0,0.0,-inf,20.0
148,149,-54.085194251130964,0.3906985174773879,0.0,0.0,-inf,20.0
149,150,40.925499824091844,-0.0375202982533049,37.42522961379262,37.42522961379262,37.42522961379262,37.42522961379262
150,151,-82.48749819977543,-0.044051427746317956,0.0,0.0,-inf,20.0
151,152,-93.88210336113613,-0.7806163907248542,0.0,0.0,-inf,20.0
152,153,-28.573013260087848,-0.4010268944427705,2.3124664755133058,2.3124664755133058,2.3124664755133058,2.3124664755133058
153,154,17.956398294352766,0.48398246361641245,26.462181610792797,26.462181610792797,26.462181610792797,26.462181610792797
154,155,-89.55545452316795,-0.9224436286691494,0.0,0.0,-inf,20.0
155,156,-86.8672667587245,-0.5189746852082141,0.0,0.0,-inf,20.0
156,157,-91.29976278805687,0.07342828161515076,0.0,0.0,-inf,20.0
157,158,-20.969848306499244,0.32596855295335136,6.841044399703729,6.841044399703729,6.841044399703729,6.841044399703729
158,159,33.68540920321155,0.38599807551198184,34.22870267711776,34.22870267711776,34.22870267711776,34.22870267711776
159,160,-60.39457763676608,-0.20198874437908923,0.0,0.0,-inf,20.0
160,161,75.25329034083182,-2.0344512297829684,52.592193940632946,50.0,52.592193940632946,inf
161,162,-13.522180911030517,0.7614850785178312,11.000394623002572,11.000394623002572,11.000394623002572,16.00039462300257
162,163,23.928292741992934,1.0014713300518612,29.965617701048327,29.965617701048327,29.965617701048327,29.965617701048327
163,164,-41.914651413002325,1.1945101629366521,0.0,0.0,-inf,20.0
164,165,23.050914692855258,0.3394597716251989,28.864917118052826,28.864917118052826,28.864917118052826,28.864917118052826
165,166,90.73199247646454,0.843393007451568,63.20938924568384,50.0,63.20938924568384,inf
166,167,-10.397056695182073,-0.2971747840684916,11.504296868340472,11.504296868340472,11.504296868340472,16.50429686834047
167,168,-58.59003234933715,-1.114311471294798,0.0,0.0,-inf,20.0
168,169,-14.926541618922712,-0.17533077875855993,9.361398411780083,9.361398411780083,9.361398411780083,9.361398411780083
169,170,-11.085147047248455,-0.24969259137090222,11.20773388500487,11.20773388500487,11.20773388500487,16.20773388500487
170,171,1.5234973343922746,0.9916602889207575,18.753408956116896,18.753408956116896,18.753408956116896,23.753408956116896
171,172,5.146649962191589,0.7929907179932503,20.366315699089043,20.366315699089043,20.366315699089043,20.366315699089043
172,173,-91.51416162349078,-0.5226550900242121,0.0,0.0,-inf,20.0
173,174,-67.11618276597599,-0.4290122633501381,0.0,0.0,-inf,20.0
174,175,-9.954564076525358,-0.052864739400423355,11.969853222336898,11.969853222336898,11.969853222336898,16.969853222336898
175,176,41.59423412378416,0.06299267544879088,37.86010973734087,37.86010973734087,37.86010973734087,37.86010973734087
176,177,55.51758166110673,1.4045297463835686,46.16332057693693,46.16332057693693,46.16332057693693,46.16332057693693
177,178,55.42059989392894,-0.5015124848500528,44.208787462114415,44.208787462114415,44.208787462114415,44.208787462114415
178,179,0.5557505018442868,1.2722446257556403,18.550119876677783,18.550119876677783,18.550119876677783,23.550119876677783
179,180,91.34951866144951,-1.4018531271543777,61.27290620357038,50.0,61.27290620357038,inf
180,181,-33.62525749202483,-0.6932255980090163,0.0,0.0,-inf,20.0
181,182,-3.7083675307933532,1.6478751713610358,16.79369140596436,16.79369140596436,16.79369140596436,21.79369140596436
182,183,49.67479986820726,0.37322698074265814,42.21062691484629,42.21062691484629,42.21062691484629,42.21062691484629
183,184,71.56790368790277,0.08193179303476482,52.86588363698615,50.0,52.86588363698615,inf
184,185,-17.107988973417704,0.5687255935861036,9.014731106877251,9.014731106877251,9.014731106877251,9.014731106877251
185,186,69.73690285346467,-0.23448266812459279,51.63396875860774,50.0,51.63396875860774,inf
186,187,-11.085811649858158,0.03511023762508968,11.49220441269601,11.49220441269601,11.49220441269601,16.49220441269601
187,188,43.149416857270865,0.1967852699696977,38.77149369860513,38.77149369860513,38.77149369860513,38.77149369860513
188,189,-98.31032728423605,0.19774991367911982,0.0,0.0,-inf,20.0
189,190,-94.9597152658502,0.3368361362314052,0.0,0.0,-inf,20.0
190,191,88.09009870841771,-0.5976572586264365,60.44739209558242,50.0,60.44739209558242,inf
191,192,-79.5724103537613,0.3379366099620421,0.0,0.0,-inf,20.0
192,193,32.39355808794153,-0.730028117705647,32.466750926265114,32.466750926265114,32.466750926265114,32.466750926265114
193,194,-43.348251235775834,0.560022058497286,0.0,0.0,-inf,20.0
194,195,-59.83153124491092,-0.1881453897482699,0.0,0.0,-inf,20.0
195,196,-22.333163577048182,0.22596107662380135,6.05937928809971,6.05937928809971,6.05937928809971,6.05937928809971
196,197,85.18031930169985,0.25554196785886957,59.845701618708794,50.0,59.845701618708794,inf
197,198,14.05484195014381,-0.7585115225390326,23.268909452532874,23.268909452532874,23.268909452532874,23.268909452532874
198,199,83.34292239157651,-0.5537965268617788,58.11766466892647,50.0,58.11766466892647,inf
199,200,40.45284816394499,-0.16412902313209554,37.0622950588404,37.0622950588404,37.0622950588404,37.0622950588404
200,201,0.2432903374173918,0.4248010428031259,17.54644621151182,17.54644621151182,17.54644621151182,22.54644621151182
201,202,1.2173667025277695,0.9135054835995078,18.522188834863393,18.522188834863393,18.522188834863393,23.522188834863393
202,203,-56.235842734125455,-0.07424105148695632,0.0,0.0,-inf,20.0
203,204,-99.06729545299002,-0.6988224523750899,0.0,0.0,-inf,20.0
204,205,-16.432751199456845,0.21819577256591932,9.001820172837496,9.001820172837496,9.001820172837496,9.001820172837496
205,206,12.675222067807027,-0.041930427981571185,23.29568060592194,23.29568060592194,23.29568060592194,23.29568060592194
206,207,75.3123736846654,0.7290590474474038,55.38524588978011,50.0,55.38524588978011,inf
207,208,35.516968045581876,1.1785954763808106,35.93707949917175,35.93707949917175,35.93707949917175,35.93707949917175
208,209,68.46660922069424,1.9156788821223303,53.14898349246945,50.0,53.14898349246945,inf
209,210,85.232257384984,-1.660404840782051,57.95572385170995,50.0,57.95572385170995,inf
210,211,88.22317472672444,-0.4929852568511962,60.61860210651102,50.0,60.61860210651102,inf
211,212,63.20383038487881,-0.0960824565097335,48.50583273592967,48.50583273592967,48.50583273592967,48.50583273592967
212,213,-73.72107890411124,0.7536579293753193,0.0,0.0,-inf,20.0
213,214,-30.6739970019472,0.6496361781879872,2.3126376772143873,2.3126376772143873,2.3126376772143873,2.3126376772143873
214,215,-58.299501094895504,0.03593418000341157,0.0,0.0,-inf,20.0
215,216,73.47630743130469,0.741614046538866,54.47976776219121,50.0,54.47976776219121,inf
216,217,58.46604386125159,-0.5686951372765738,45.664326793349225,45.664326793349225,45.664326793349225,45.664326793349225
217,218,-30.19967186322812,-0.38453333453887567,1.515630733847065,1.515630733847065,1.515630733847065,1.515630733847065
218,219,13.82810641112708,0.27772181690660375,24.191775022470143,24.191775022470143,24.191775022470143,24.191775022470143
219,220,61.02630805114032,-1.080675274210254,46.4324787513599,46.4324787513599,46.4324787513599,46.4324787513599
220,221,66.63224894679524,1.5387359939272038,51.854860467324826,50.0,51.854860467324826,inf
221,222,-58.8412646099856,-0.8079649866116945,0.0,0.0,-inf,20.0
222,223,46.13604010522312,-1.1438008308968015,38.92421922171476,38.92421922171476,38.92421922171476,38.92421922171476
223,224,60.68283283188981,0.29669513566806444,47.63811155161297,47.63811155161297,47.63811155161297,47.63811155161297
224,225,-91.37419272932745,-1.9207477271003446,0.0,0.0,-inf,20.0
225,226,-78.56251915368402,-0.44728371789815247,0.0,0.0,-inf,20.0
226,227,-12.983270028234472,-0.18530621098365718,10.323058774899106,10.323058774899106,10.323058774899106,15.323058774899106
227,228,-55.82375562785118,1.2535672542353968,0.0,0.0,-inf,20.0
228,229,76.12441323313615,3.0094311885565737,58.07163780512465,50.0,58.07163780512465,inf
229,230,43.937507544882266,0.1516470922636853,39.12040086470482,39.12040086470482,39.12040086470482,39.12040086470482
230,231,42.60145870939621,-1.298238354467522,37.002491000230584,37.002491000230584,37.002491000230584,37.002491000230584
231,232,53.97193139854039,0.24103720692640693,44.2270029061966,44.2270029061966,44.2270029061966,44.2270029061966
232,233,-33.850594766119045,0.6429542438251072,0.7176568607655849,0.7176568607655849,0.7176568607655849,0.7176568607655849
233,234,-54.27794963338022,-0.9317137468665752,0.0,0.0,-inf,20.0
234,235,25.268791840205267,0.3263307502618375,29.960726670364473,29.960726670364473,29.960726670364473,29.960726670364473
235,236,-17.10415009492216,1.5523346151134727,10.000259567652392,10.000259567652392,10.000259567652392,15.000259567652392
236,237,87.35621444683719,0.4712998932992131,61.1494071167178,50.0,61.1494071167178,inf
237,238,28.490483780558463,-0.7941500574453586,30.451091832833875,30.451091832833875,30.451091832833875,30.451091832833875
238,239,-22.619931397526358,-0.5686120029765696,5.121422298260251,5.121422298260251,5.121422298260251,5.121422298260251
239,240,71.02393216083811,-1.6435428113896149,50.86842326902944,50.0,50.86842326902944,inf
240,241,-23.841483256758394,-0.44690427050504,4.632354101115763,4.632354101115763,4.632354101115763,4.632354101115763
241,242,-64.33803444445596,-0.5902246024719148,0.0,0.0,-inf,20.0
242,243,56.331885133216275,1.3638252897418415,46.52976785634998,46.52976785634998,46.52976785634998,46.52976785634998
243,244,-5.558282516839725,-1.5527578328277152,12.668100908752422,12.668100908752422,12.668100908752422,17.66810090875242
244,245,-48.10391911914458,-1.5800695226876613,0.0,0.0,-inf,20.0
245,246,38.479849176246205,0.17428368055647953,36.41420826867958,36.41420826867958,36.41420826867958,36.41420826867958
246,247,96.0970157997557,0.5710335188840954,65.61954141876194,50.0,65.61954141876194,inf
247,248,-50.74928220644204,-0.5609986006931457,0.0,0.0,-inf,20.0
248,249,58.04876051880905,0.17514072234177805,46.1995209817463,46.1995209817463,46.1995209817463,46.1995209817463
249,250,52.46704884481176,0.6463503243614719,43.87987474676735,43.87987474676735,43.87987474676735,43.87987474676735
250,251,-75.9920415645172,0.7168814293888305,0.0,0.0,-inf,20.0
251,252,67.78051891180013,0.34828060843862363,51.238540064338686,50.0,51.238540064338686,inf
252,253,-7.6522190486936665,0.5209562683099942,13.694846743963161,13.694846743963161,13.694846743963161,18.69484674396316
253,254,-74.84372348938248,-1.5514602525265606,0.0,0.0,-inf,20.0
254,255,7.268694619213704,0.7783658777042087,21.41271318731106,21.41271318731106,21.41271318731106,21.41271318731106
255,256,-40.697449841074196,0.12268330620373355,0.0,0.0,-inf,20.0
256,257,-64.85516134865388,-0.8369324548151991,0.0,0.0,-inf,20.0
257,258,-84.15236585984007,-0.4074564233668153,0.0,0.0,-inf,20.0
258,259,-60.220181634100165,-0.3060691197309398,0.0,0.0,-inf,20.0
259,260,-14.082276188717245,-0.5591331870280085,9.39972871861337,9.39972871861337,9.39972871861337,9.39972871861337
260,261,28.36235272576633,-0.17973659587118762,31.001439767011977,31.001439767011977,31.001439767011977,31.001439767011977
261,262,-82.52416424204071,-0.40374842284713686,0.0,0.0,-inf,20.0
262,263,43.14611755419304,-1.460153974462839,37.11290480263368,37.11290480263368,37.11290480263368,37.11290480263368
263,264,-79.65103780732359,2.1207828208907245,0.0,0.0,-inf,20.0
264,265,-64.88018581823562,0.3615065166711153,0.0,0.0,-inf,20.0
265,266,42.66431243148213,2.181731186753019,40.513887402494085,40.513887402494085,40.513887402494085,40.513887402494085
266,267,77.05273488209784,-0.29270937803343555,55.23365806301548,50.0,55.23365806301548,inf
267,268,96.62767220861446,1.5849359756314727,66.8987720799387,50.0,66.8987720799387,inf
268,269,30.581390140242917,-0.14694318764881514,32.14375188247264,32.14375188247264,32.14375188247264,32.14375188247264
269,270,-4.452729398724927,1.5394133875612162,16.31304868819875,16.31304868819875,16.31304868819875,21.31304868819875
270,271,-82.44248902300112,0.8998890940029004,0.0,0.0,-inf,20.0
271,272,11.790158939455338,0.7402516839885996,23.63533115371627,23.63533115371627,23.63533115371627,23.63533115371627
272,273,-63.76995411827071,-0.19320397028540165,0.0,0.0,-inf,20.0
273,274,2.8804120942441216,0.20199778833634963,18.64220383545841,18.64220383545841,18.64220383545841,23.64220383545841
274,275,21.786029786878316,1.3113060843098503,29.20432097774901,29.20432097774901,29.20432097774901,29.20432097774901
275,276,66.64249802452085,-2.000076695810401,48.321172316450024,48.321172316450024,48.321172316450024,48.321172316450024
276,277,-35.2498835487707,-0.6981645831332934,0.0,0.0,-inf,20.0
277,278,97.7724186639413,-1.256572818413833,64.62963651355682,50.0,64.62963651355682,inf
278,279,98.99005199355864,-0.9266079955422619,65.56841800123706,50.0,65.56841800123706,inf
279,280,65.23016388795935,0.6003103941040154,50.21539233808369,50.0,50.21539233808369,inf
280,281,38.83050908503668,0.8178505918529546,37.23310513437129,37.23310513437129,37.23310513437129,37.23310513437129
281,282,46.733959619395335,-0.20937184386589455,40.15760796583177,40.15760796583177,40.15760796583177,40.15760796583177
282,283,75.05376196093252,1.1134162271793842,55.640297207645645,50.0,55.640297207645645,inf
283,284,90.30202966914646,-0.7432973334218372,61.407717501151396,50.0,61.407717501151396,inf
284,285,70.45258531951023,-0.6044583415956847,51.62183431815943,50.0,51.62183431815943,inf
285,286,28.187727955772857,0.11581714340030545,31.209681121286735,31.209681121286735,31.209681121286735,31.209681121286735
286,287,-85.30032305711268,0.3927231631058914,0.0,0.0,-inf,20.0
287,288,24.676942859167724,-0.13753852950614973,29.200932900077714,29.200932900077714,29.200932900077714,29.200932900077714
288,289,-29.35722164289629,-1.0713342164990416,1.2500549620528125,1.2500549620528125,1.2500549620528125,1.2500549620528125
289,290,-67.04427535514073,0.5587127202999242,0.0,0.0,-inf,20.0
290,291,78.63323731340867,1.6898812752263495,58.00649993193068,50.0,58.00649993193068,inf
291,292,64.97809624133589,-0.3789877882091447,49.1100603324588,49.1100603324588,49.1100603324588,49.1100603324588
292,293,5.327684770566663,0.020505118896650996,19.684347504179982,19.684347504179982,19.684347504179982,24.684347504179982
293,294,-7.3101487692855045,-1.1104925588953851,12.234433056461862,12.234433056461862,12.234433056461862,17.23443305646186
294,295,-2.1397423745748796,-0.008720589985642384,15.921408222726917,15.921408222726917,15.921408222726917,20.921408222726917
295,296,-47.855996056109596,-0.9155590629051246,0.0,0.0,-inf,20.0
296,297,-19.472415373370524,0.16704868848906673,7.430841001803805,7.430841001803805,7.430841001803805,7.430841001803805
297,298,-12.666024054594004,1.5412878824408398,12.208275855143837,12.208275855143837,12.208275855143837,17.20827585514384
298,299,-96.988773150326,0.5178361568743584,0.0,0.0,-inf,20.0
299,300,78.58117661574315,-0.7253153530750016,55.56527295479657,50.0,55.56527295479657,inf
300,301,-94.17013643049765,0.7988103091840112,0.0,0.0,-inf,20.0
301,302,-25.421423197654775,-1.7215295165978792,2.567758884574733,2.567758884574733,2.567758884574733,2.567758884574733
302,303,-80.82533706144557,1.2002388522151475,0.0,0.0,-inf,20.0
303,304,-60.607135929992296,0.2964903844193803,0.0,0.0,-inf,20.0
304,305,88.48412247942863,-1.0644030565082547,60.17765818320606,50.0,60.17765818320606,inf
305,306,-25.745765666420724,-0.32824449276059225,3.798872674029046,3.798872674029046,3.798872674029046,3.798872674029046
306,307,45.80016036429541,-0.9108697746931266,38.98921040745458,38.98921040745458,38.98921040745458,38.98921040745458
307,308,-74.7679782741957,1.9821633344362959,0.0,0.0,-inf,20.0
308,309,-49.743415658558135,0.5611641980874248,0.0,0.0,-inf,20.0
309,310,76.24705942424629,-1.0110747500841566,54.11245496203899,50.0,54.11245496203899,inf
310,311,80.65923009780309,-0.6771006703271639,56.65251437857438,50.0,56.65251437857438,inf
311,312,-42.47294835682241,0.148227435905616,0.0,0.0,-inf,20.0
312,313,93.42262630245926,-0.578089148759065,63.13322400247057,50.0,63.13322400247057,inf
313,314,33.61986712503818,0.2236902849466473,34.03362384746574,34.03362384746574,34.03362384746574,34.03362384746574
314,315,0.6013547068653082,0.3665931977064946,17.667270551139147,17.667270551139147,17.667270551139147,22.667270551139147
315,316,-24.399518270288894,-1.4544598168842944,3.3457810479712586,3.3457810479712586,3.3457810479712586,3.3457810479712586
316,317,-32.52634114070834,0.5998484606539068,1.336677890299737,1.336677890299737,1.336677890299737,1.336677890299737
317,318,90.40214101660021,1.6568692363782567,63.85793974467836,50.0,63.85793974467836,inf
318,319,38.666765717844584,0.30633630380025456,36.63971916272255,36.63971916272255,36.63971916272255,36.63971916272255
319,320,6.820340014667451,0.6079534369773959,21.018123444311122,21.018123444311122,21.018123444311122,21.018123444311122
320,321,-91.30206041274451,-0.522741852909051,0.0,0.0,-inf,20.0
321,322,-50.4898248754919,-0.5179123826899711,0.0,0.0,-inf,20.0
322,323,88.63414453344166,0.29161350399694896,61.60868577071778,50.0,61.60868577071778,inf
323,324,11.372033248650666,-0.8871972678804493,21.798819356444884,21.798819356444884,21.798819356444884,21.798819356444884
324,325,-28.49635352895359,-1.6165354033497437,1.1352878321734607,1.1352878321734607,1.1352878321734607,1.1352878321734607
325,326,-98.10992517242015,0.8121538529019011,0.0,0.0,-inf,20.0
326,327,-49.290346555015404,-0.656298843285933,0.0,0.0,-inf,20.0
327,328,-49.15466196989264,0.20371847304077348,0.0,0.0,-inf,20.0
328,329,-65.86289479319478,0.1005974098500913,0.0,0.0,-inf,20.0
329,330,-31.00400806456176,0.3941610453454233,1.8921570130645438,1.8921570130645438,1.8921570130645438,1.8921570130645438
330,331,-59.47018973045524,0.5830536763685569,0.0,0.0,-inf,20.0
331,332,-87.4196919638318,0.5115273252763909,0.0,0.0,-inf,20.0
332,333,-80.40792082274828,-0.3028474121346412,0.0,0.0,-inf,20.0
333,334,-0.6544995371769744,0.7999706684814757,17.472720899892987,17.472720899892987,17.472720899892987,22.472720899892987
334,335,-86.06788191751092,-0.37036938206212205,0.0,0.0,-inf,20.0
335,336,87.03071267029767,0.34152201058569115,60.85687834573453,50.0,60.85687834573453,inf
336,337,-58.78047296588327,-0.6309632677088037,0.0,0.0,-inf,20.0
337,338,-7.157530008190676,0.06960731156306942,13.490842307467732,13.490842307467732,13.490842307467732,18.49084230746773
338,339,-17.066348578672617,-0.8600960913932836,7.606729619270408,7.606729619270408,7.606729619270408,7.606729619270408
339,340,-41.732456313403546,1.3713204719910048,0.0,0.0,-inf,20.0
340,341,-35.294297035991164,0.31171596435960985,0.0,0.0,-inf,20.0
341,342,-57.68048331677205,-0.7410513723690458,0.0,0.0,-inf,20.0
342,343,-43.946342445960255,-1.794632567261103,0.0,0.0,-inf,20.0
343,344,-76.57899286068208,-0.7348058747212511,0.0,0.0,-inf,20.0
344,345,37.85037495550881,1.284566053533697,37.2097535312881,37.2097535312881,37.2097535312881,37.2097535312881
345,346,28.90523787489147,-0.6545758651759813,30.798043072269753,30.798043072269753,30.798043072269753,30.798043072269753
346,347,-37.69411933140307,0.9603222079687327,0.0,0.0,-inf,20.0
347,348,76.05979123149936,-0.2322485320299149,54.79764708371977,50.0,54.79764708371977,inf
348,349,-22.72485498108783,-0.34682333476478205,5.290749174691303,5.290749174691303,5.290749174691303,5.290749174691303
349,350,22.217860063773713,-1.0658162902078807,27.043113741678976,27.043113741678976,27.043113741678976,27.043113741678976
350,351,4.633865235039039,0.26457867412032504,19.581511291639845,19.581511291639845,19.581511291639845,24.581511291639845
351,352,-34.988639277974016,1.0049441504937833,0.5106245115067751,0.5106245115067751,0.5106245115067751,0.5106245115067751
352,353,85.95808461303253,0.7522701654178005,60.73131247193406,50.0,60.73131247193406,inf
353,354,69.64028179926075,0.4967969781631213,52.31693787779349,50.0,52.31693787779349,inf
354,355,68.2245896039816,-1.05750513080247,50.05478967118833,50.0,50.05478967118833,inf
355,356,90.85772731126553,0.0704338841222101,62.49929753975498,50.0,62.49929753975498,inf
356,357,-99.5035147463807,-1.1645267994987059,0.0,0.0,-inf,20.0
357,358,-1.5761799538746004,-0.8760992440237212,15.33581077903898,15.33581077903898,15.33581077903898,20.33581077903898
358,359,87.58262381292076,0.3345956986031069,61.12590760506349,50.0,61.12590760506349,inf
359,360,-73.1146480353722,-1.0941665468358064,0.0,0.0,-inf,20.0
360,361,-51.00117231716605,0.44512688150507185,0.0,0.0,-inf,20.0
361,362,1.0123841154282047,-0.35226589943695574,17.153926158277148,17.153926158277148,17.153926158277148,22.153926158277148
362,363,35.684301964376516,1.3869901124185693,36.229141094606824,36.229141094606824,36.229141094606824,36.229141094606824
363,364,-33.448008476610156,-0.20590438735005992,0.07009137434486232,0.07009137434486232,0.07009137434486232,0.07009137434486232
364,365,-38.72706568199855,0.436471659807916,0.0,0.0,-inf,20.0
365,366,55.1595822443098,0.9435375655473877,45.52332868770229,45.52332868770229,45.52332868770229,45.52332868770229
366,367,-93.42921235431048,0.5191055570821175,0.0,0.0,-inf,20.0
367,368,57.15957250434579,0.5719241557150861,46.15171040788798,46.15171040788798,46.15171040788798,46.15171040788798
368,369,-14.29194370795814,-1.787706035213936,8.066322110806993,8.066322110806993,8.066322110806993,8.066322110806993
369,370,25.801891433712072,0.8203710362909347,30.721316753146972,30.721316753146972,30.721316753146972,30.721316753146972
370,371,41.100604981359936,-1.6770214103773435,35.873281080302625,35.873281080302625,35.873281080302625,35.873281080302625
371,372,-80.30627411571646,-0.749026163817477,0.0,0.0,-inf,20.0
372,373,80.76923297497731,-2.5143787109977893,54.87023777649087,50.0,54.87023777649087,inf
373,374,64.46249372354919,-0.4151419697731788,48.81610489200141,48.81610489200141,48.81610489200141,48.81610489200141
374,375,-24.923712549250027,-0.7521332561837656,3.786010469191221,3.786010469191221,3.786010469191221,3.786010469191221
375,376,-61.04113430082816,-0.3245178909872563,0.0,0.0,-inf,20.0
376,377,-87.43891238883212,-1.0645106516784093,0.0,0.0,-inf,20.0
377,378,-38.27821477195705,-0.2558278227446522,0.0,0.0,-inf,20.0
378,379,42.6383921204112,-0.8138258149486454,37.505370245256955,37.505370245256955,37.505370245256955,37.505370245256955
379,380,62.636343235978586,-0.28229630048913434,48.03587531750016,48.03587531750016,48.03587531750016,48.03587531750016
380,381,-34.68233975655211,0.7282368331537583,0.38706695487770304,0.38706695487770304,0.38706695487770304,0.38706695487770304
381,382,-55.9420226784358,-2.255939498457608,0.0,0.0,-inf,20.0
382,383,-34.52116327069183,-0.1406289072448084,0.0,0.0,-inf,20.0
383,384,92.8733672611497,-0.2460877615550553,63.190595869019795,50.0,63.190595869019795,inf
384,385,-80.78185996459382,-1.6354064332773162,0.0,0.0,-inf,20.0
385,386,-67.5633104712122,-0.5283529868133336,0.0,0.0,-inf,20.0
386,387,38.8478237905521,1.320966314357683,37.74487820963373,37.74487820963373,37.74487820963373,37.74487820963373
387,388,-72.04730019044688,0.2680117840883157,0.0,0.0,-inf,20.0
388,389,-46.674821474041075,-0.6558069632703147,0.0,0.0,-inf,20.0
389,390,60.635174491615345,0.6356478884472019,47.953235134254875,47.953235134254875,47.953235134254875,47.953235134254875
390,391,-39.87764322832674,0.26448360406258725,0.0,0.0,-inf,20.0
391,392,19.403309774250957,-1.3720743291855664,25.329580557939913,25.329580557939913,25.329580557939913,25.329580557939913
392,393,14.562457553071354,-0.45774659277223734,23.82348218376344,23.82348218376344,23.82348218376344,23.82348218376344
393,394,-46.91130568426618,-0.13462064979666258,0.0,0.0,-inf,20.0
394,395,-50.253142221473944,-0.07672839496727196,0.0,0.0,-inf,20.0
395,396,-42.064901867596745,0.2518290463107146,0.0,0.0,-inf,20.0
396,397,75.18801448480625,-0.08151416467552526,54.5124930777276,50.0,54.5124930777276,inf
397,398,-96.24837064584703,-0.0398935216805006,0.0,0.0,-inf,20.0
398,399,-81.67271757753943,-0.6186938175159893,0.0,0.0,-inf,20.0
399,400,-31.758008169149576,-0.4545375030259945,0.6664584123992173,0.6664584123992173,0.6664584123992173,0.6664584123992173
400,401,-55.93966897606981,-0.6041318688756462,0.0,0.0,-inf,20.0
401,402,12.571479783144042,0.42016293984183195,23.70590283141385,23.70590283141385,23.70590283141385,23.70590283141385
402,403,7.892218914865339,-0.20251138230618648,20.74359807512648,20.74359807512648,20.74359807512648,20.74359807512648
403,404,-0.9275994391348519,-0.6675082529730677,15.868692027459506,15.868692027459506,15.868692027459506,20.868692027459506
404,405,-39.849385999329165,0.6648573576048594,0.0,0.0,-inf,20.0
405,406,2.289745067640638,2.3354379885233736,20.480310522343693,20.480310522343693,20.480310522343693,20.480310522343693
406,407,57.24570335031069,-0.22118042596625312,45.40167124918909,45.40167124918909,45.40167124918909,45.40167124918909
407,408,62.501116298442696,1.1870364182573008,49.43759456747865,49.43759456747865,49.43759456747865,49.43759456747865
408,409,6.568177499169309,-0.60009821039952,19.683990539185135,19.683990539185135,19.683990539185135,24.683990539185135
409,410,61.2670428821034,0.15215679333482765,47.78567823438652,47.78567823438652,47.78567823438652,47.78567823438652
410,411,-93.14490407807097,0.8511838935027901,0.0,0.0,-inf,20.0
411,412,-69.18677582009802,1.0693223667950456,0.0,0.0,-inf,20.0
412,413,49.63700553373519,2.0793766512365606,43.897879418104154,43.897879418104154,43.897879418104154,43.897879418104154
413,414,-23.02602055554341,-0.5124936334423107,4.974496088785983,4.974496088785983,4.974496088785983,4.974496088785983
414,415,-36.42030196093127,0.05384387755844742,0.0,0.0,-inf,20.0
415,416,14.401762593397166,1.3304175782166014,25.531298874915183,25.531298874915183,25.531298874915183,25.531298874915183
416,417,-25.51589697272418,1.2793205054997814,5.521372019137692,5.521372019137692,5.521372019137692,5.521372019137692
417,418,81.90598199829242,-0.8602168990603795,57.092774100085826,50.0,57.092774100085826,inf
418,419,-22.605754995406357,-0.014181508717577354,5.682940993579244,5.682940993579244,5.682940993579244,5.682940993579244
419,420,67.24983908345493,0.9983585209007867,51.62327806262825,50.0,51.62327806262825,inf
420,421,20.35274401884422,1.2182004204149677,28.394572429837076,28.394572429837076,28.394572429837076,28.394572429837076
421,422,82.40375548845981,-0.9461686365396965,57.25570910769021,50.0,57.25570910769021,inf
422,423,-3.1892851290649844,0.35467061705308983,15.760028052520598,15.760028052520598,15.760028052520598,20.760028052520596
423,424,91.70281331913674,-2.2166683255468347,60.634738334021534,50.0,60.634738334021534,inf
424,425,15.341932090590248,1.013292871774317,25.684258917069442,25.684258917069442,25.684258917069442,25.684258917069442
425,426,-94.45114040278249,1.7577308234162827,0.0,0.0,-inf,20.0
426,427,47.77416984353425,-1.0926663036129547,39.79441861815417,39.79441861815417,39.79441861815417,39.79441861815417
427,428,72.28015931646615,-0.2182566565817696,52.921823001651305,50.0,52.921823001651305,inf
428,429,-80.28999811930984,-1.4145786557631719,0.0,0.0,-inf,20.0
429,430,92.68860816891458,-0.45842818574165745,62.88587589871563,50.0,62.88587589871563,inf
430,431,12.685207220327442,0.5429692440458065,23.885572854209528,23.885572854209528,23.885572854209528,23.885572854209528
431,432,48.140382187543736,0.5850760439251593,41.655267137697024,41.655267137697024,41.655267137697024,41.655267137697024
432,433,-55.19973639745957,0.4052894562380805,0.0,0.0,-inf,20.0
433,434,88.23649913749429,-1.3881684753469057,59.73008109340024,50.0,59.73008109340024,inf
434,435,28.6656918591745,-0.8412910231158969,30.491554906471354,30.491554906471354,30.491554906471354,30.491554906471354
435,436,8.663727586601212,1.8655954984261842,23.19745929172679,23.19745929172679,23.19745929172679,23.19745929172679
436,437,92.27803943513462,0.23131711658887785,63.370336834156184,50.0,63.370336834156184,inf
437,438,11.393746533331694,-0.42425085774908444,22.272622408916764,22.272622408916764,22.272622408916764,22.272622408916764
438,439,6.333678389107078,0.2529241159081826,20.41976331046172,20.41976331046172,20.41976331046172,20.41976331046172
439,440,-91.04660758939502,-0.5786864172433068,0.0,0.0,-inf,20.0
440,441,9.277793992858236,0.16544826970844606,21.804345266137563,21.804345266137563,21.804345266137563,21.804345266137563
441,442,48.87217786568846,-0.7625585835505574,40.67353034929367,40.67353034929367,40.67353034929367,40.67353034929367
442,443,-26.319353993597545,-0.6724641467847848,3.1678588564164425,3.1678588564164425,3.1678588564164425,3.1678588564164425
443,444,35.86520271624417,-1.562627547294411,33.36997381082767,33.36997381082767,33.36997381082767,33.36997381082767
444,445,12.82156237679321,1.7514967848490575,25.16227797324566,25.16227797324566,25.16227797324566,25.16227797324566
445,446,-58.404996723394476,0.7193346780121523,0.0,0.0,-inf,20.0
446,447,9.362784624315097,0.6245540455224453,22.305946357679993,22.305946357679993,22.305946357679993,22.305946357679993
447,448,-4.8022518241490815,0.8694210135895347,15.468295101514993,15.468295101514993,15.468295101514993,20.468295101514993
448,449,-32.456075858768614,-0.12347384632592827,0.6484882242897648,0.6484882242897648,0.6484882242897648,0.6484882242897648
449,450,32.52704012697626,-1.0795839265027458,32.18393613698539,32.18393613698539,32.18393613698539,32.18393613698539
450,451,-87.76924628133386,0.5130650666733377,0.0,0.0,-inf,20.0
451,452,-25.445714876154568,0.6907420810383345,4.96788464296105,4.96788464296105,4.96788464296105,4.96788464296105
452,453,-13.178130622906806,0.538393614311805,10.949328302858401,10.949328302858401,10.949328302858401,15.949328302858401
453,454,94.7735242914348,-0.38911879131936244,63.997643354398036,50.0,63.997643354398036,inf
454,455,39.63987091407063,-1.5070758822116932,35.31285957482362,35.31285957482362,35.31285957482362,35.31285957482362
455,456,25.15772402588874,0.7940094514719284,30.3728714644163,30.3728714644163,30.3728714644163,30.3728714644163
456,457,-68.81109750779713,0.4121461066519252,0.0,0.0,-inf,20.0
457,458,-12.981514721867,-0.05674652003068351,10.452496119035816,10.452496119035816,10.452496119035816,15.452496119035816
458,459,-25.752980221124716,-0.23141903768427213,3.89209085175337,3.89209085175337,3.89209085175337,3.89209085175337
459,460,88.07951003692267,-0.12622448413605752,60.913530534325275,50.0,60.913530534325275,inf
460,461,-9.43647376358463,-0.5583164334164079,11.723446684791277,11.723446684791277,11.723446684791277,16.723446684791277
461,462,71.01999738448944,-1.4675814225060064,51.04241726973871,50.0,51.04241726973871,inf
462,463,30.72237028260122,-0.10364898021773093,32.257536161082875,32.257536161082875,32.257536161082875,32.257536161082875
463,464,75.85739108343088,-0.4285946531299669,54.50010088858547,50.0,54.50010088858547,inf
464,465,-99.33291104018456,0.3215059284045003,0.0,0.0,-inf,20.0
465,466,84.95764725534357,-0.3067098110738141,59.17211381659797,50.0,59.17211381659797,inf
466,467,90.25875085596192,0.2873168880922344,62.416692316073195,50.0,62.416692316073195,inf
467,468,-69.01289666132959,-1.2013658370890563,0.0,0.0,-inf,20.0
468,469,-86.85786478820366,0.4539145844076185,0.0,0.0,-inf,20.0
469,470,-36.54332850179054,2.0687108811461163,0.7970466302508461,0.7970466302508461,0.7970466302508461,0.7970466302508461
470,471,17.11108997551571,-0.09595827005433091,25.459586717703523,25.459586717703523,25.459586717703523,25.459586717703523
471,472,4.8262690089767375,0.630971561952857,20.044106066441227,20.044106066441227,20.044106066441227,20.044106066441227
472,473,-12.975476250965585,0.8775118977236104,11.389773772240819,11.389773772240819,11.389773772240819,16.38977377224082
473,474,82.53543050284193,0.3577469273589399,58.625462178779905,50.0,58.625462178779905,inf
474,475,13.995330398510049,0.24514198473204302,24.24280718398707,24.24280718398707,24.24280718398707,24.24280718398707
475,476,86.82734973885627,-1.5539483498594469,58.85972651956869,50.0,58.85972651956869,inf
476,477,15.230870811213777,-0.8120165317339593,23.80341887387293,23.80341887387293,23.80341887387293,23.80341887387293
477,478,-62.96396117009346,1.5463387219479314,0.0,0.0,-inf,20.0
478,479,96.41574177733762,0.20800302028545717,65.41587390895427,50.0,65.41587390895427,inf
479,480,99.70065208222076,0.21475951947291677,67.0650855605833,50.0,67.0650855605833,inf
480,481,-10.706378333289692,1.94295564292356,13.589766476278713,13.589766476278713,13.589766476278713,18.58976647627871
481,482,52.486111660544026,-1.7060410636932102,41.5370147665788,41.5370147665788,41.5370147665788,41.5370147665788
482,483,27.31268363691632,1.0556915650026215,31.71203338346078,31.71203338346078,31.71203338346078,31.71203338346078
483,484,-62.95120501738036,0.6550321305353255,0.0,0.0,-inf,20.0
484,485,15.840392013647218,-1.9396296949669973,22.980566311856613,22.980566311856613,22.980566311856613,22.980566311856613
485,486,30.848386926216733,-0.627642287282944,31.79655117582542,31.79655117582542,31.79655117582542,31.79655117582542
486,487,18.748074039123196,0.42917757167632353,26.80321459123792,26.80321459123792,26.80321459123792,26.80321459123792
487,488,8.2953277987001,-0.6971483560059718,20.45051554334408,20.45051554334408,20.45051554334408,20.45051554334408
488,489,18.375813707156723,-0.7592253416328627,25.4286815119455,25.4286815119455,25.4286815119455,25.4286815119455
489,490,41.79823445871557,0.6104377612548615,38.50955499061265,38.50955499061265,38.50955499061265,38.50955499061265
490,491,54.19559473226224,-0.18335730645225787,43.91444005967886,43.91444005967886,43.91444005967886,43.91444005967886
491,492,-82.18996074044912,0.1943358864583827,0.0,0.0,-inf,20.0
492,493,82.69909808265595,-0.1570686006592748,58.1924804406687,50.0,58.1924804406687,inf
493,494,-10.0749989884509,0.13841901754568675,12.100919523320236,12.100919523320236,12.100919523320236,17.100919523320236
494,495,39.32422316223892,0.30722058947587705,36.96933217059534,36.96933217059534,36.96933217059534,36.96933217059534
495,496,-22.47219016665612,2.2131495733997437,7.9770544900716835,7.9770544900716835,7.9770544900716835,7.9770544900716835
496,497,-89.78857024904796,0.4092616610451587,0.0,0.0,-inf,20.0
497,498,32.728251523850304,-0.6961141225146247,32.66801163941053,32.66801163941053,32.66801163941053,32.66801163941053
498,499,-26.86788717022688,0.38597931932434,3.9520357342109005,3.9520357342109005,3.9520357342109005,3.9520357342109005
499,500,10.55599202628892,0.2639192977172961,22.541915310861757,22.541915310861757,22.541915310861757,22.541915310861757
500,501,-46.68203188854443,3.3106800582477436,0.0,0.0,-inf,20.0
501,502,-59.224783865618804,-1.4168674160854964,0.0,0.0,-inf,20.0
502,503,-40.759009237493984,0.6966166609277529,0.0,0.0,-inf,20.0
503,504,68.37352651839993,0.26461151276943007,51.45137477196939,40.0,51.45137477196939,inf
504,505,84.80303833479047,1.5343554608822227,60.93587462827746,40.0,60.93587462827746,inf
505,506,95.71671752006063,-1.0156929487583688,63.84266581127194,40.0,63.84266581127194,inf
506,507,-17.133810526755468,-1.2266030485008859,7.20649168812138,7.20649168812138,7.20649168812138,7.20649168812138
507,508,54.63731388604219,0.35630181554482215,44.67495875856592,40.0,44.67495875856592,inf
508,509,-66.38937588190292,0.8416144443462651,0.0,0.0,-inf,20.0
509,510,48.851178231275725,0.44428556247928264,41.86987467811714,40.0,41.86987467811714,inf
510,511,-15.158736306771885,0.6367121527991919,10.057343999413249,10.057343999413249,10.057343999413249,15.057343999413249
511,512,68.81841783377536,-0.041278486387922315,51.367930430499754,40.0,51.367930430499754,inf
512,513,-60.59594818805443,1.0072356139041962,0.0,0.0,-inf,20.0
513,514,63.783108278457746,0.13266038243141628,49.02421452166029,40.0,49.02421452166029,inf
514,515,-85.53493537729769,-0.49985877906303144,0.0,0.0,-inf,20.0
515,516,69.2215423504341,1.4712323029287684,53.08200347814582,40.0,53.08200347814582,inf
516,517,-15.270212712341348,-0.8585360773188876,8.506357566510438,8.506357566510438,8.506357566510438,8.506357566510438
517,518,-71.85172891659661,-1.5989049019732768,0.0,0.0,-inf,20.0
518,519,-38.81656982064923,-0.3915838087264395,0.0,0.0,-inf,20.0
519,520,41.872386696764806,-0.13447301272085968,37.80172033566154,37.80172033566154,37.80172033566154,37.80172033566154
520,521,-10.743006509237631,-0.06182993958949277,11.566666805791693,11.566666805791693,11.566666805791693,16.56666680579169
521,522,-53.34712823548973,-0.29667200946776284,0.0,0.0,-inf,20.0
522,523,-52.24690097670668,0.37775916980219115,0.0,0.0,-inf,20.0
523,524,38.63465060059542,-0.3367716402342027,35.98055366006351,35.98055366006351,35.98055366006351,35.98055366006351
524,525,29.553895578868406,-0.8661256069067167,30.910822182527486,30.910822182527486,30.910822182527486,30.910822182527486
525,526,-87.21498078400106,1.4005224776651435,0.0,0.0,-inf,20.0
526,527,62.50353988445357,-0.1717262462083753,48.080043696018414,40.0,48.080043696018414,inf
527,528,-71.96316336652254,1.0954277645467976,0.0,0.0,-inf,20.0
528,529,-51.887151117687466,0.17621844293981462,0.0,0.0,-inf,20.0
529,530,-97.2192349630632,0.4875778093681058,0.0,0.0,-inf,20.0
530,531,1.2509670678667533,1.5438765972547668,19.169360131188142,19.169360131188142,19.169360131188142,24.169360131188142
531,532,70.18640976576106,-1.8527593302644443,50.24044555261608,40.0,50.24044555261608,inf
532,533,85.94741682781333,1.128326738862537,61.102035152769204,40.0,61.102035152769204,inf
533,534,-7.338045111367421,0.06699714702279543,13.397974591339084,13.397974591339084,13.397974591339084,18.397974591339086
534,535,-79.45014490258104,0.874328164466829,0.0,0.0,-inf,20.0
535,536,-5.13897684905011,-0.44666667661045595,13.98384489886449,13.98384489886449,13.98384489886449,18.98384489886449
536,537,-41.90834578738665,0.01017655291922074,0.0,0.0,-inf,20.0
537,538,-38.120543892352465,-0.15139007589662046,0.0,0.0,-inf,20.0
538,539,-51.408181979213616,-1.0994121244898645,0.0,0.0,-inf,20.0
539,540,90.73830978264706,-0.06168653545336215,62.30746835587017,40.0,62.30746835587017,inf
540,541,-20.51793414511411,1.8105316614232414,8.551564588866185,8.551564588866185,8.551564588866185,8.551564588866185
541,542,-99.28531330698618,1.2735557900509897,0.0,0.0,-inf,20.0
542,543,-0.9475675082245374,1.4049878715977444,17.931204117485475,17.931204117485475,17.931204117485475,22.931204117485475
543,544,40.039549429550334,-0.22310066895476163,36.7966740458204,36.7966740458204,36.7966740458204,36.7966740458204
544,545,63.054063246973925,-0.1731882010335036,48.35384342245346,40.0,48.35384342245346,inf
545,546,50.677365868416615,-0.43958518575806377,41.899097748450245,40.0,41.899097748450245,inf
546,547,40.4324531899517,-2.0534471055257284,35.16277948945012,35.16277948945012,35.16277948945012,35.16277948945012
547,548,-60.38087437011323,-0.23801487992648404,0.0,0.0,-inf,20.0
548,549,-29.978924514780886,-0.7441938625676129,1.2663438800419442,1.2663438800419442,1.2663438800419442,1.2663438800419442
549,550,-8.105587461744278,0.8750106534750496,13.82221692260291,13.82221692260291,13.82221692260291,18.822216922602912
550,551,-72.60753030264868,0.9328418955880727,0.0,0.0,-inf,20.0
551,552,-14.5245061164091,0.4397763816548952,10.177523323450345,10.177523323450345,10.177523323450345,15.177523323450345
552,553,-79.70236869078573,-0.8888065437171266,0.0,0.0,-inf,20.0
553,554,-82.54887695877942,-0.590677952435978,0.0,0.0,-inf,20.0
554,555,67.23714553958726,1.344860476233612,51.96343324602724,40.0,51.96343324602724,inf
555,556,-66.21048831641218,0.32763107959685683,0.0,0.0,-inf,20.0
556,557,-5.426317581954905,1.0102051837970971,15.297046392819645,15.297046392819645,15.297046392819645,20.297046392819645
557,558,24.982479632185047,-0.4427352374938638,29.04850457859866,29.04850457859866,29.04850457859866,29.04850457859866
558,559,87.79377679409413,0.9690051889409822,61.86589358598805,40.0,61.86589358598805,inf
559,560,-38.735354899528,-0.32069117709417355,0.0,0.0,-inf,20.0
560,561,-63.77571033688394,-0.4806853755889943,0.0,0.0,-inf,20.0
561,562,75.08426864524935,0.2746999568249692,54.816834279449644,40.0,54.816834279449644,inf
562,563,-39.28284045018826,-0.7193488191516558,0.0,0.0,-inf,20.0
563,564,-44.46938548250201,-1.1453554337654894,0.0,0.0,-inf,20.0
564,565,-69.97442072802072,1.36432789024692,0.0,0.0,-inf,20.0
565,566,-11.063635551548074,0.6977738758177617,12.165956100043724,12.165956100043724,12.165956100043724,17.165956100043722
566,567,-53.70505482072978,-0.46875647280124383,0.0,0.0,-inf,20.0
567,568,-28.22768065101367,-0.017271622377043345,2.8688880521161213,2.8688880521161213,2.8688880521161213,2.8688880521161213
568,569,-33.27068464496159,1.1348757695968974,1.499533447116102,1.499533447116102,1.499533447116102,1.499533447116102
569,570,24.977513956563953,-0.508924537162201,28.979832441119775,28.979832441119775,28.979832441119775,28.979832441119775
570,571,-10.85956058264101,-2.4149686935396932,9.155251015139802,9.155251015139802,9.155251015139802,9.155251015139802
571,572,35.5886886958117,2.26727390426691,37.06161825217276,37.06161825217276,37.06161825217276,37.06161825217276
572,573,-39.8286261978476,-1.4689580238411875,0.0,0.0,-inf,20.0
573,574,-35.52364078667591,-0.45594475236602156,0.0,0.0,-inf,20.0
574,575,99.65590603435368,-2.19190798280299,64.63604503437385,40.0,64.63604503437385,inf
575,576,-52.345218436157516,-2.2000219885513803,0.0,0.0,-inf,20.0
576,577,52.57229575870059,0.3275437242416135,43.61369160359191,40.0,43.61369160359191,inf
577,578,39.917336610672635,-1.3111680946998219,35.647500210636494,35.647500210636494,35.647500210636494,35.647500210636494
578,579,29.568130230622444,0.6330827101716543,32.41714782548288,32.41714782548288,32.41714782548288,32.41714782548288
579,580,-75.68768014966246,-0.1591265651859938,0.0,0.0,-inf,20.0
580,581,-98.88553654670685,-0.1660708804974079,0.0,0.0,-inf,20.0
581,582,49.11065166629044,0.6153042125339241,42.17063004567914,40.0,42.17063004567914,inf
582,583,-83.39430022152656,0.6519162877771204,0.0,0.0,-inf,20.0
583,584,-51.45617593128424,1.3592943679225946,0.0,0.0,-inf,20.0
584,585,97.8455263524549,-1.3825884148505516,64.5401747613769,40.0,64.5401747613769,inf
585,586,93.2228350772125,-0.7463189898492898,62.865098548756954,40.0,62.865098548756954,inf
586,587,84.26494996361865,0.6727652589278552,59.80524024073718,40.0,59.80524024073718,inf
587,588,16.652895886911764,0.7667442943927492,26.09319223784863,26.09319223784863,26.09319223784863,26.09319223784863
588,589,-8.753592659018011,-0.5367438693462067,12.086459801144787,12.086459801144787,12.086459801144787,17.086459801144787
589,590,-7.532479597656334,-1.2325391431835504,12.001221057988282,12.001221057988282,12.001221057988282,17.001221057988282
590,591,-32.05217035002525,0.0028874105646923753,0.9768022355520674,0.9768022355520674,0.9768022355520674,0.9768022355520674
591,592,93.4706604330112,-2.996761604762725,60.73856861174288,40.0,60.73856861174288,inf
592,593,63.19590971449742,-1.6787097440495127,46.919245113199196,40.0,46.919245113199196,inf
593,594,98.38504748220245,1.1218865988230655,67.3144103399243,40.0,67.3144103399243,inf
594,595,-39.82365732340219,-1.291149046661543,0.0,0.0,-inf,20.0
595,596,15.970145071296528,2.0409177537355614,27.025990289383827,27.025990289383827,27.025990289383827,27.025990289383827
596,597,36.4135722311602,0.11410724455819124,35.32089336013829,35.32089336013829,35.32089336013829,35.32089336013829
597,598,-23.274169091361713,0.2672480909042766,5.63016354522342,5.63016354522342,5.63016354522342,5.63016354522342
598,599,16.835600024793337,2.695427364219118,28.113227376615786,28.113227376615786,28.113227376615786,28.113227376615786
599,600,-60.69655633884572,0.8978396819896863,0.0,0.0,-inf,20.0
600,601,-37.22635917948507,-0.31974584204874307,0.0,0.0,-inf,20.0
601,602,-73.01063358352893,-0.557114597004205,0.0,0.0,-inf,20.0
602,603,28.55574185439869,-0.6458328905850751,30.63203803661427,30.63203803661427,30.63203803661427,30.63203803661427
603,604,-33.171404037768596,-2.066901899582242,0.0,0.0,-inf,20.0
604,605,-15.032752866114564,0.3669680979623962,9.850591664905114,9.850591664905114,9.850591664905114,9.850591664905114
605,606,-23.88674420884169,0.02071408342287196,5.077341979002027,5.077341979002027,5.077341979002027,5.077341979002027
606,607,-89.45003378721464,-0.6928982670024281,0.0,0.0,-inf,20.0
607,608,79.17077015728245,0.8694001766984644,57.45478525533969,40.0,57.45478525533969,inf
608,609,45.49493469199135,-0.6104496082250214,39.137017737770655,39.137017737770655,39.137017737770655,39.137017737770655
609,610,-35.19336089245219,-1.7709121349040247,0.0,0.0,-inf,20.0
610,611,79.73986388570756,-1.1181609589524386,55.751770983901345,40.0,55.751770983901345,inf
611,612,35.124644382596614,-0.07047705088012013,34.491845140418185,34.491845140418185,34.491845140418185,34.491845140418185
612,613,98.33422544985092,0.29365777050808095,66.46077049543354,40.0,66.46077049543354,inf
613,614,-7.357407632275013,1.8439566470007127,15.165252830863206,15.165252830863206,15.165252830863206,20.165252830863206
614,615,-78.07842511055696,-0.42657080383788015,0.0,0.0,-inf,20.0
615,616,-75.68029799330793,0.488540387462982,0.0,0.0,-inf,20.0
616,617,49.294321424737745,0.9851679904432313,42.6323287028121,40.0,42.6323287028121,inf
617,618,15.749540894104967,0.5681603186557863,25.44293076570827,25.44293076570827,25.44293076570827,25.44293076570827
618,619,-56.63810211180862,0.2622053859838585,0.0,0.0,-inf,20.0
619,620,9.519179699443711,-1.1683078561304467,20.59128199359141,20.59128199359141,20.59128199359141,20.59128199359141
620,621,5.960775744413979,-0.4273509357793124,19.553036936427677,19.553036936427677,19.553036936427677,24.553036936427677
621,622,71.55526671415751,2.131246487834625,54.90887984491338,40.0,54.90887984491338,inf
622,623,-89.38475113745136,0.1401541719441677,0.0,0.0,-inf,20.0
623,624,-77.38972928210279,-0.07139352192301932,0.0,0.0,-inf,20.0
624,625,-11.479780817395053,-1.2000771148687928,10.060032476433681,10.060032476433681,10.060032476433681,15.060032476433681
625,626,-72.11658134876784,0.21452712085289838,0.0,0.0,-inf,20.0
626,627,97.74848877541956,1.6894286718761466,67.56367305958592,40.0,67.56367305958592,inf
627,628,-60.349485049514804,-0.6319624765009827,0.0,0.0,-inf,20.0
628,629,23.926597890784237,-0.9575590833417593,28.00573986205036,28.00573986205036,28.00573986205036,28.00573986205036
629,630,-11.268603198828558,-0.10347644097532795,11.262221959610393,11.262221959610393,11.262221959610393,16.262221959610393
630,631,56.33487142052863,-0.5374937198952092,44.629941990369105,40.0,44.629941990369105,inf
631,632,-89.47408629963967,-0.7007813354350887,0.0,0.0,-inf,20.0
632,633,-35.12098719664398,2.115465177199709,1.5549715788777188,1.5549715788777188,1.5549715788777188,1.5549715788777188
633,634,-6.045476784979684,0.7267873243347864,14.704048931844945,14.704048931844945,14.704048931844945,19.704048931844945
634,635,-77.2732150609037,-1.4767440814600654,0.0,0.0,-inf,20.0
635,636,28.235461886068435,-0.12185212024437278,30.995878822789845,30.995878822789845,30.995878822789845,30.995878822789845
636,637,6.842931335596035,0.8581994279389127,21.27966509573693,21.27966509573693,21.27966509573693,21.27966509573693
637,638,65.36172206992123,-0.3622559877193491,49.31860504724126,40.0,49.31860504724126,inf
638,639,-11.54298890421397,0.7459047874847915,11.974410335377806,11.974410335377806,11.974410335377806,16.974410335377804
639,640,-40.99583938158546,-1.199818146060459,0.0,0.0,-inf,20.0
640,641,-36.82157106301827,0.4554298609847236,0.0,0.0,-inf,20.0
641,642,-52.86999397635617,-0.11489452796804797,0.0,0.0,-inf,20.0
642,643,86.59705415598208,0.49738494439875086,60.79591202238979,40.0,60.79591202238979,inf
643,644,59.74252476057413,-0.1260660328527834,46.74519634743428,40.0,46.74519634743428,inf
644,645,-31.308344439165595,-0.7260322718107799,0.6197955086064229,0.6197955086064229,0.6197955086064229,0.6197955086064229
645,646,-10.033224962498323,0.32681720009334897,12.310204718844187,12.310204718844187,12.310204718844187,17.310204718844187
646,647,-79.77800032466999,0.39217284428871707,0.0,0.0,-inf,20.0
647,648,17.87592889270684,0.5787609930063825,26.516725439359803,26.516725439359803,26.516725439359803,26.516725439359803
648,649,45.781295026196176,-1.43287273511097,38.45777477798712,38.45777477798712,38.45777477798712,38.45777477798712
649,650,-54.40944101013534,-0.5681156311061009,0.0,0.0,-inf,20.0
650,651,-11.596932969922364,-0.2943232437104846,10.907210271328333,10.907210271328333,10.907210271328333,15.907210271328333
651,652,34.96952020908114,-0.3518269779648862,34.132933126575686,34.132933126575686,34.132933126575686,34.132933126575686
652,653,-11.471297214393928,-0.4371325650560525,10.827218827746984,10.827218827746984,10.827218827746984,15.827218827746984
653,654,10.109088162963943,0.01767152112702768,22.072215602609,22.072215602609,22.072215602609,22.072215602609
654,655,-61.0301487018903,1.2860207567775086,0.0,0.0,-inf,20.0
655,656,58.999636205968756,1.6479446334165904,48.14776273640097,40.0,48.14776273640097,inf
656,657,-78.07746671448695,1.0917086302169383,0.0,0.0,-inf,20.0
657,658,-5.857056364835216,0.47416085312653256,14.545632670708924,14.545632670708924,14.545632670708924,19.545632670708926
658,659,-41.776776310708776,-3.326870107456545,0.0,0.0,-inf,20.0
659,660,-78.92202717123132,-0.7220667003612804,0.0,0.0,-inf,20.0
660,661,71.10859597943102,0.4667920243948707,53.02109001411038,40.0,53.02109001411038,inf
661,662,-59.960731241565334,-0.9869604662956988,0.0,0.0,-inf,20.0
662,663,-6.146443419550778,1.0499257326502303,14.976704022874841,14.976704022874841,14.976704022874841,19.97670402287484
663,664,22.551785366632032,-0.7335198140979545,27.542372869218063,27.542372869218063,27.542372869218063,27.542372869218063
664,665,-46.07755879686175,0.08754734320813405,0.0,0.0,-inf,20.0
665,666,-4.067272427441154,-0.5048424869909438,14.46152129928848,14.46152129928848,14.46152129928848,19.461521299288478
666,667,6.093770885808354,0.19578299356298853,20.242668436467167,20.242668436467167,20.242668436467167,20.242668436467167
667,668,-11.036625672229732,-1.5070402551035982,9.974646908781535,9.974646908781535,9.974646908781535,9.974646908781535
668,669,-27.368269284062393,-0.3753932031921457,2.940472154776658,2.940472154776658,2.940472154776658,2.940472154776658
669,670,-48.79571671055185,-0.9231358979997109,0.0,0.0,-inf,20.0
670,671,81.23467563067331,-1.1648113258867563,56.452526489449895,40.0,56.452526489449895,inf
671,672,1.8960204515967547,-1.7024456812640112,16.245564544534368,16.245564544534368,16.245564544534368,21.245564544534368
672,673,40.26838843740046,0.9092829373790172,38.04347715607925,38.04347715607925,38.04347715607925,38.04347715607925
673,674,6.802917109004497,-1.1821053658062814,19.219353188695965,19.219353188695965,19.219353188695965,24.219353188695965
674,675,-42.787543682323715,0.6414681291744372,0.0,0.0,-inf,20.0
675,676,-4.271054418638201,-0.21903807741536976,14.64543471326553,14.64543471326553,14.64543471326553,19.64543471326553
676,677,64.64277812819782,0.37664711044013555,49.69803617453905,40.0,49.69803617453905,inf
677,678,75.19858700661374,-0.10291825549878102,54.49637524780809,40.0,54.49637524780809,inf
678,679,88.15908231250319,-0.14002955219312177,60.939511604058474,40.0,60.939511604058474,inf
679,680,-56.8167614380817,-1.3526775220421998,0.0,0.0,-inf,20.0
680,681,-30.956893527164993,2.5511381209399016,4.072691357357405,4.072691357357405,4.072691357357405,4.072691357357405
681,682,-76.2104117778014,0.9440898470276863,0.0,0.0,-inf,20.0
682,683,97.65104834481201,0.8875887934002106,66.71311296580622,40.0,66.71311296580622,inf
683,684,26.202282998381406,-2.311148322320079,27.789993176870624,27.789993176870624,27.789993176870624,27.789993176870624
684,685,40.97497144111003,-0.7850461305244337,36.70243959003058,36.70243959003058,36.70243959003058,36.70243959003058
685,686,-13.852408947648613,-0.8346646751361354,9.239130851039558,9.239130851039558,9.239130851039558,9.239130851039558
686,687,-51.28985233997305,0.07664890187437151,0.0,0.0,-inf,20.0
687,688,-22.55417629895007,-0.7947238303775587,4.928188020147407,4.928188020147407,4.928188020147407,4.928188020147407
688,689,-42.262329667195544,0.5140290983076823,0.0,0.0,-inf,20.0
689,690,6.480802817826131,-0.012262028254905641,20.22813938065816,20.22813938065816,20.22813938065816,20.22813938065816
690,691,63.24418415867632,0.6816039715865458,49.30369605092471,40.0,49.30369605092471,inf
691,692,66.35671659288616,1.0064932189227287,51.18485151536581,40.0,51.18485151536581,inf
692,693,-42.755958329887854,-0.9420346118619211,0.0,0.0,-inf,20.0
693,694,-64.48358520835939,-0.7334250664653087,0.0,0.0,-inf,20.0
694,695,44.625178038277795,-1.0352497093576072,38.27733930978129,38.27733930978129,38.27733930978129,38.27733930978129
695,696,-16.594695727166837,0.7085275332028773,9.41117966961946,9.41117966961946,9.41117966961946,9.41117966961946
696,697,-63.6096844539165,-0.2186178796445399,0.0,0.0,-inf,20.0
697,698,20.86938745916855,-0.5557801447058143,26.87891358487846,26.87891358487846,26.87891358487846,26.87891358487846
698,699,-77.49290633845169,-1.3904871689052454,0.0,0.0,-inf,20.0
699,700,-80.89647889067462,0.23601841131424253,0.0,0.0,-inf,20.0
700,701,-97.5897604078288,-0.14152337364602535,0.0,0.0,-inf,20.0
701,702,-58.5826696612975,-0.011855728176082367,0.0,0.0,-inf,20.0
702,703,-4.198349140334457,-0.47961425482758263,14.421211175005189,14.421211175005189,14.421211175005189,19.42121117500519
703,704,-67.53807999655942,-1.5620076111383816,0.0,0.0,-inf,20.0
704,705,-86.26248897932287,1.1298484109634628,0.0,0.0,-inf,20.0
705,706,-1.4977031535885743,-0.11775856876308137,16.13338985444263,16.13338985444263,16.13338985444263,21.13338985444263
706,707,80.62909026923509,0.1318332028441092,57.44637833746165,40.0,57.44637833746165,inf
707,708,-97.69982106009118,-0.8595581736818898,0.0,0.0,-inf,20.0
708,709,-54.38436138901093,1.2092207508179615,0.0,0.0,-inf,20.0
709,710,80.26402244129906,-0.9437258828246979,56.18828533782483,40.0,56.18828533782483,inf
710,711,26.84775516878358,-0.5876793462024393,29.83619823818935,29.83619823818935,29.83619823818935,29.83619823818935
711,712,66.09461023827697,-1.0026165457117748,49.04468857342671,40.0,49.04468857342671,inf
712,713,81.86189370924927,-1.222778908039116,56.70816794658552,40.0,56.70816794658552,inf
713,714,-56.250639040448604,0.6459432047885942,0.0,0.0,-inf,20.0
714,715,47.90692504796269,-0.5829301056127938,40.37053241836855,40.0,40.37053241836855,inf
715,716,-47.79671415928512,-1.1514476861125065,0.0,0.0,-inf,20.0
716,717,87.68620527203063,-0.28426165391788677,60.55884098209743,40.0,60.55884098209743,inf
717,718,91.42990413392275,-0.41235523638592136,62.30259683057545,40.0,62.30259683057545,inf
718,719,-67.95752033502856,-0.0872364470397206,0.0,0.0,-inf,20.0
719,720,62.45081660809399,-0.6980669395636352,47.527341364483355,40.0,47.527341364483355,inf
720,721,-90.57406455419292,0.11506624704569181,0.0,0.0,-inf,20.0
721,722,19.880015581031856,-1.7690965446308715,25.170911245885055,25.170911245885055,25.170911245885055,25.170911245885055
722,723,-3.6142213517886432,-1.0290720846167267,14.163817239488951,14.163817239488951,14.163817239488951,19.16381723948895
723,724,19.91584234252406,0.5879295951455561,27.545850766407586,27.545850766407586,27.545850766407586,27.545850766407586
724,725,51.983718649681066,0.71545760498249,43.70731692982302,40.0,43.70731692982302,inf
725,726,74.00515537415944,-1.8926352335181236,52.1099424535616,40.0,52.1099424535616,inf
726,727,0.6042821888985657,0.2523082246772736,17.554449319126558,17.554449319126558,17.554449319126558,22.554449319126558
727,728,-85.2678005748156,-0.15730922736768396,0.0,0.0,-inf,20.0
728,729,82.75279727140133,1.0249961361846132,59.40139477188528,40.0,59.40139477188528,inf
729,730,-87.84363429909097,-1.1642601866191942,0.0,0.0,-inf,20.0
730,731,58.89425529907933,0.2645227553666602,46.71165040490633,40.0,46.71165040490633,inf
731,732,-75.75224126122102,0.7258623263177081,0.0,0.0,-inf,20.0
732,733,80.52638407579713,-1.4745636660271912,55.78862837187137,40.0,55.78862837187137,inf
733,734,26.88758933546174,-0.7711032411311424,29.672691426599727,29.672691426599727,29.672691426599727,29.672691426599727
734,735,-37.96501023999692,0.8205599751828531,0.0,0.0,-inf,20.0
735,736,73.02889777561288,-0.3378536925278026,53.17659519527864,40.0,53.17659519527864,inf
736,737,-63.92188487494506,0.7778651530672539,0.0,0.0,-inf,20.0
737,738,-56.886352576526214,0.05570279183586543,0.0,0.0,-inf,20.0
738,739,-34.82183004959312,-1.4781634902119645,0.0,0.0,-inf,20.0
739,740,-17.232989749557632,-0.002111159926847774,8.381393965294336,8.381393965294336,8.381393965294336,8.381393965294336
740,741,-56.265647719388355,0.2810481518633767,0.0,0.0,-inf,20.0
741,742,83.94207750156718,-0.6590164036983174,58.312022347085275,40.0,58.312022347085275,inf
742,743,-11.917549787726102,0.9171239278462597,11.95834903398321,11.95834903398321,11.95834903398321,16.95834903398321
743,744,90.36518960606585,-1.413960547641004,60.76863425539192,40.0,60.76863425539192,inf
744,745,-49.349812051089174,-0.1565522624422006,0.0,0.0,-inf,20.0
745,746,-6.289466785057925,-0.42217814689731664,13.433088460573721,13.433088460573721,13.433088460573721,18.43308846057372
746,747,60.320356176828824,-0.9115196178246695,46.248658470589746,40.0,46.248658470589746,inf
747,748,97.86703691330143,-1.5500360326200981,64.38348242403062,40.0,64.38348242403062,inf
748,749,-10.051572005512142,-2.120773336090958,9.853440661152971,9.853440661152971,9.853440661152971,9.853440661152971
749,750,-5.998082167713264,-1.321612041865104,12.679346874278265,12.679346874278265,12.679346874278265,17.679346874278266
750,751,88.13379157294315,-0.27888536777938505,60.78801041869219,40.0,60.78801041869219,inf
751,752,-13.559402944014593,-0.6758485051730069,9.544450022819696,9.544450022819696,9.544450022819696,9.544450022819696
752,753,-11.911042609688536,-0.25266820671874984,10.791810488436981,10.791810488436981,10.791810488436981,15.791810488436981
753,754,90.62966335520522,-0.3284246210687022,61.98640705653391,40.0,61.98640705653391,inf
754,755,-0.6224004762678277,-0.5623108097584534,16.126488952107632,16.126488952107632,16.126488952107632,21.126488952107632
755,756,-74.75347035452631,0.11791358251374974,0.0,0.0,-inf,20.0
756,757,88.29129737263,0.7386377969874374,61.88428648330244,40.0,61.88428648330244,inf
757,758,0.2951582560102537,-1.587295576479942,15.560283551525185,15.560283551525185,15.560283551525185,20.560283551525185
758,759,-27.85874128189252,0.1532001161162045,3.2238294751699446,3.2238294751699446,3.2238294751699446,3.2238294751699446
759,760,80.13959137493151,-1.7336693218625328,55.33612636560322,40.0,55.33612636560322,inf
760,761,-96.57184756433819,2.0830593102595256,0.0,0.0,-inf,20.0
761,762,89.52499353877909,-1.0191331306822646,60.74336363870728,40.0,60.74336363870728,inf
762,763,-82.49871103013078,-0.484130341153043,0.0,0.0,-inf,20.0
763,764,-84.90005784752918,0.7653969495379638,0.0,0.0,-inf,20.0
764,765,88.45185852829002,0.31832073377970943,61.544249997924716,40.0,61.544249997924716,inf
765,766,-4.406797785533186,0.8324431655559804,15.629044272789388,15.629044272789388,15.629044272789388,20.629044272789386
766,767,-64.05885812617997,1.3144749274102427,0.0,0.0,-inf,20.0
767,768,96.45293288042706,-0.39099832458393435,64.8354681156296,40.0,64.8354681156296,inf
768,769,-32.95678149895984,1.8697986136230553,2.3914078641431344,2.3914078641431344,2.3914078641431344,2.3914078641431344
769,770,88.26786918939013,-0.7293826363055097,60.404551958389554,40.0,60.404551958389554,inf
770,771,-8.101760653723943,-0.3734208743036909,12.575698798834338,12.575698798834338,12.575698798834338,17.57569879883434
771,772,-26.41333720273495,0.7856587794645187,4.578990178097043,4.578990178097043,4.578990178097043,4.578990178097043
772,773,14.667151807556024,-2.4131383417363272,21.920437562041684,21.920437562041684,21.920437562041684,21.920437562041684
773,774,82.10437824085167,-0.7127046039164141,57.33948451650942,40.0,57.33948451650942,inf
774,775,96.0172366347065,-0.2987258432131629,64.70989247414009,40.0,64.70989247414009,inf
775,776,39.145389539457796,0.7380170766446099,37.31071184637351,37.31071184637351,37.31071184637351,37.31071184637351
776,777,-26.338847176126265,-0.7817992230365202,3.048777188900347,3.048777188900347,3.048777188900347,3.048777188900347
777,778,72.71883613260454,0.7690273959022607,54.12844546220453,40.0,54.12844546220453,inf
778,779,84.86388722024586,-1.1125890548672368,58.31935455525569,40.0,58.31935455525569,inf
779,780,8.584581668768209,0.8974599734817972,22.189750807865902,22.189750807865902,22.189750807865902,22.189750807865902
780,781,42.310160963106,0.6873360549029548,38.84241653645596,38.84241653645596,38.84241653645596,38.84241653645596
781,782,74.2997805859155,-0.5743125958378433,53.575577697119904,40.0,53.575577697119904,inf
782,783,36.896266030508116,-0.35120095485054464,35.09693206040351,35.09693206040351,35.09693206040351,35.09693206040351
783,784,30.0864660060449,-0.2582670818157813,31.78496592120667,31.78496592120667,31.78496592120667,31.78496592120667
784,785,-23.85656567783687,-0.4496731483918322,4.6220440126897335,4.6220440126897335,4.6220440126897335,4.6220440126897335
785,786,20.081909899034002,-0.6388247795057341,26.40213017001127,26.40213017001127,26.40213017001127,26.40213017001127
786,787,-51.363546113283306,1.2823651538413017,0.0,0.0,-inf,20.0
787,788,-76.02387059534728,0.3491576272822004,0.0,0.0,-inf,20.0
788,789,-48.29351104135746,0.3805488600210808,0.0,0.0,-inf,20.0
789,790,-10.752554960026515,-1.602314243335623,10.021408276651119,10.021408276651119,10.021408276651119,15.021408276651119
790,791,-31.087199691714744,-0.09725292005031594,1.3591472340923119,1.3591472340923119,1.3591472340923119,1.3591472340923119
791,792,40.39546812713587,1.0200116560844064,38.21774571965234,38.21774571965234,38.21774571965234,38.21774571965234
792,793,-23.494440032779522,0.05788055045426294,5.3106605340645014,5.3106605340645014,5.3106605340645014,5.3106605340645014
793,794,0.9723210176705521,-0.5867679005854531,16.899392608249823,16.899392608249823,16.899392608249823,21.899392608249823
794,795,-41.82884418913009,-0.16201951065403583,0.0,0.0,-inf,20.0
795,796,-82.19476159029762,0.7345189188944968,0.0,0.0,-inf,20.0
796,797,43.35908037193522,-0.23493024097000295,38.44460994499761,38.44460994499761,38.44460994499761,38.44460994499761
797,798,-55.17791437622297,-2.169850303806109,0.0,0.0,-inf,20.0
798,799,-6.911717094527205,-0.8261013573945828,12.718040095341815,12.718040095341815,12.718040095341815,17.718040095341813
799,800,18.791212847493938,0.07942432725440272,26.475030751001373,26.475030751001373,26.475030751001373,26.475030751001373
800,801,34.524478375732656,-1.6161756018887317,32.64606358597759,32.64606358597759,32.64606358597759,32.64606358597759
801,802,-17.051383161241944,-0.06482199198548609,8.409486427393542,8.409486427393542,8.409486427393542,8.409486427393542
802,803,-44.17998427122218,0.39926632368609855,0.0,0.0,-inf,20.0
803,804,78.5556398791621,2.1468903668704207,58.42471030645147,40.0,58.42471030645147,inf
804,805,28.85486288151145,1.3865766703101874,32.81400811106591,32.81400811106591,32.81400811106591,32.81400811106591
805,806,-50.39437351616331,0.3207754132797408,0.0,0.0,-inf,20.0
806,807,53.618746754595634,-1.8283553815619282,41.98101799573589,40.0,41.98101799573589,inf
807,808,7.361805008201756,0.22627238393305849,20.907174888033936,20.907174888033936,20.907174888033936,20.907174888033936
808,809,-16.046207971211885,-1.5077323778065799,7.469163636587478,7.469163636587478,7.469163636587478,7.469163636587478
809,810,-80.52182014801119,-1.10993297559804,0.0,0.0,-inf,20.0
810,811,-55.56770455610931,1.0428050413732246,0.0,0.0,-inf,20.0
811,812,-78.91510834566941,-0.8421046445027196,0.0,0.0,-inf,20.0
812,813,39.44587899692036,0.6068399112654835,37.32977940972566,37.32977940972566,37.32977940972566,37.32977940972566
813,814,49.526167512884626,0.13307492447485397,41.89615868091717,40.0,41.89615868091717,inf
814,815,-12.85065080130596,0.8650573861560134,11.439731985503034,11.439731985503034,11.439731985503034,16.439731985503034
815,816,-89.14110214297746,-0.24397998826896833,0.0,0.0,-inf,20.0
816,817,-66.01269307618148,-0.2093757072790705,0.0,0.0,-inf,20.0
817,818,88.98115834968118,1.4733436471202586,62.96392282196085,40.0,62.96392282196085,inf
818,819,78.38311554689292,0.643256277885669,56.83481405133213,40.0,56.83481405133213,inf
819,820,-20.347979485518124,0.3144437342194759,7.140453991460414,7.140453991460414,7.140453991460414,7.140453991460414
820,821,-71.71285918395228,-0.03154737290361876,0.0,0.0,-inf,20.0
821,822,-11.305492529349067,0.5218069706284418,11.869060705953908,11.869060705953908,11.869060705953908,16.869060705953906
822,823,-13.295404172221964,-0.14639464210000389,10.205903271789014,10.205903271789014,10.205903271789014,15.205903271789014
823,824,-96.09225136571176,0.5733429085084808,0.0,0.0,-inf,20.0
824,825,43.798324835369954,-0.12474972426163422,38.77441269342334,38.77441269342334,38.77441269342334,38.77441269342334
825,826,31.48759475229471,-1.7299502125675141,31.013847163579843,31.013847163579843,31.013847163579843,31.013847163579843
826,827,17.31689709840785,-1.6893877595002986,23.969060789703626,23.969060789703626,23.969060789703626,23.969060789703626
827,828,61.388538580515586,-0.693947037170705,47.00032225308709,40.0,47.00032225308709,inf
828,829,64.16352985616834,1.9713565866225151,51.05312151470668,40.0,51.05312151470668,inf
829,830,-57.170619535982084,1.3588220073071768,0.0,0.0,-inf,20.0
830,831,-85.94846529934104,-0.4124186611837809,0.0,0.0,-inf,20.0
831,832,-26.244831647842616,-0.8204986696390059,3.057085506439686,3.057085506439686,3.057085506439686,3.057085506439686
832,833,76.25893848970449,-0.5156217279751633,54.61384751687708,40.0,54.61384751687708,inf
833,834,55.104246348378325,-0.2375643932857574,44.314558780903404,40.0,44.314558780903404,inf
834,835,-48.92613951878608,1.1943707904780796,0.0,0.0,-inf,20.0
835,836,46.69039458620276,-0.587757621210744,39.75743967189064,39.75743967189064,39.75743967189064,39.75743967189064
836,837,13.33269437947888,-1.5048339601193865,22.161513229620052,22.161513229620052,22.161513229620052,22.161513229620052
837,838,-44.70107438102608,-0.5264659224499768,0.0,0.0,-inf,20.0
838,839,44.12946470832807,-1.2270862227779027,37.83764613138614,37.83764613138614,37.83764613138614,37.83764613138614
839,840,-43.29066726830637,1.488180592888767,0.0,0.0,-inf,20.0
840,841,-31.686069336151036,-0.16697383889268816,0.989991493031794,0.989991493031794,0.989991493031794,0.989991493031794
841,842,-59.51511130300018,0.07909309473257273,0.0,0.0,-inf,20.0
842,843,11.572201763264772,-0.06567238193428915,22.720428499698098,22.720428499698098,22.720428499698098,22.720428499698098
843,844,-10.331271902212464,-1.9604904161690953,9.873873632724672,9.873873632724672,9.873873632724672,9.873873632724672
844,845,26.46218396679268,0.22436715407900518,30.455459137475344,30.455459137475344,30.455459137475344,30.455459137475344
845,846,-97.89756254110216,0.4722598008931188,0.0,0.0,-inf,20.0
846,847,-18.853146696214253,-0.42620013504966053,7.1472265168432125,7.1472265168432125,7.1472265168432125,7.1472265168432125
847,848,-92.48971553776232,0.3393480843916682,0.0,0.0,-inf,20.0
848,849,-38.98939440713001,-0.36322451814885326,0.0,0.0,-inf,20.0
849,850,-82.74671227617534,-0.1208382756290028,0.0,0.0,-inf,20.0
850,851,9.107896005479745,0.7818907330549651,22.335838735794837,22.335838735794837,22.335838735794837,22.335838735794837
851,852,84.08931212030888,-0.4188408718328557,58.62581518832158,40.0,58.62581518832158,inf
852,853,70.87093706838698,0.4924855003539733,52.92795403454746,40.0,52.92795403454746,inf
853,854,-1.7487345374616439,0.07127987089431422,16.196912602163493,16.196912602163493,16.196912602163493,21.196912602163493
854,855,-31.162986680054217,-0.009271484782550705,1.4092351751903405,1.4092351751903405,1.4092351751903405,1.4092351751903405
855,856,-99.55819201063196,-0.5166283932207258,0.0,0.0,-inf,20.0
856,857,28.922069621661365,-0.725013762237037,30.736021048593646,30.736021048593646,30.736021048593646,30.736021048593646
857,858,-35.59446562604356,-0.006171960493082105,0.0,0.0,-inf,20.0
858,859,-21.799607551511954,1.1833866172278042,7.283582841471827,7.283582841471827,7.283582841471827,7.283582841471827
859,860,24.437049249152622,0.374756570469951,29.593281195046263,29.593281195046263,29.593281195046263,29.593281195046263
860,861,-63.099147086161935,1.1999086737299607,0.0,0.0,-inf,20.0
861,862,12.226339432830585,0.01995095562016491,23.133120672035457,23.133120672035457,23.133120672035457,23.133120672035457
862,863,-10.05221113816188,-1.5761475819611213,10.397746848957938,10.397746848957938,10.397746848957938,15.397746848957938
863,864,-24.690652999338127,1.1804881350168075,5.835161635347744,5.835161635347744,5.835161635347744,5.835161635347744
864,865,67.55476271009042,-0.05354525598450708,50.7238360990607,40.0,50.7238360990607,inf
865,866,46.219076363818914,1.104275941043664,41.213814122953124,40.0,41.213814122953124,inf
866,867,-68.37210083650083,0.7565580930299501,0.0,0.0,-inf,20.0
867,868,82.325616850643,0.8490184738110997,59.0118268991326,40.0,59.0118268991326,inf
868,869,-99.61521150675303,0.4563058707917697,0.0,0.0,-inf,20.0
869,870,-51.3635047054543,-2.9537555493190912,0.0,0.0,-inf,20.0
870,871,-72.58586128863283,0.8375028909877477,0.0,0.0,-inf,20.0
871,872,-31.72538172468296,0.2904071696787565,1.4277163073372758,1.4277163073372758,1.4277163073372758,1.4277163073372758
872,873,-70.40216958808054,0.7614484031257602,0.0,0.0,-inf,20.0
873,874,-43.76530750026115,0.902256390799344,0.0,0.0,-inf,20.0
874,875,-19.90915878824751,0.33184393771248366,7.377264543588729,7.377264543588729,7.377264543588729,7.377264543588729
875,876,-5.3228086903337015,0.6629511195583497,15.0015467743915,15.0015467743915,15.0015467743915,20.0015467743915
876,877,-46.030236234164114,-1.4456750703002956,0.0,0.0,-inf,20.0
877,878,-86.40436779461791,0.10853347423172223,0.0,0.0,-inf,20.0
878,879,8.11179265074513,0.7186772841208694,21.774573609493434,21.774573609493434,21.774573609493434,21.774573609493434
879,880,26.67692713685659,0.6600005135614802,30.998464081989777,30.998464081989777,30.998464081989777,30.998464081989777
880,881,31.18945334843474,-0.875052799301122,31.719673874916246,31.719673874916246,31.719673874916246,31.719673874916246
881,882,-94.264249523318,-1.8323584687689487,0.0,0.0,-inf,20.0
882,883,-78.82746981689948,-0.5997452328296794,0.0,0.0,-inf,20.0
883,884,33.65270093165435,0.04651067274983724,33.872861138577015,33.872861138577015,33.872861138577015,33.872861138577015
884,885,-79.48599199775113,0.2748664205233325,0.0,0.0,-inf,20.0
885,886,-86.68186774342743,1.6354516731942192,0.0,0.0,-inf,20.0
886,887,-9.66266076928433,1.2395638124694486,13.408233427827284,13.408233427827284,13.408233427827284,18.408233427827284
887,888,-27.051705145916216,-0.739546350742582,2.73460107629931,2.73460107629931,2.73460107629931,2.73460107629931
888,889,34.66858323267758,0.6313191638631964,34.965610780201985,34.965610780201985,34.965610780201985,34.965610780201985
889,890,-91.93773190352911,-0.4109089835232745,0.0,0.0,-inf,20.0
890,891,-54.93764392272607,0.7932018472522254,0.0,0.0,-inf,20.0
891,892,-42.96293590191718,-0.67177489086531,0.0,0.0,-inf,20.0
892,893,-34.94637753987672,1.2955975493181064,0.8224087793797459,0.8224087793797459,0.8224087793797459,0.8224087793797459
893,894,-98.41321253278876,-0.5528066779357411,0.0,0.0,-inf,20.0
894,895,10.176572537012603,-0.3583724771832253,21.729913791323078,21.729913791323078,21.729913791323078,21.729913791323078
895,896,-97.39960844822559,-0.9200805910869497,0.0,0.0,-inf,20.0
896,897,-39.88731229131395,0.8166671297679959,0.0,0.0,-inf,20.0
897,898,81.9652192093532,0.06582241046574615,58.048432015142346,40.0,58.048432015142346,inf
898,899,-68.36095197237512,0.4276410383578448,0.0,0.0,-inf,20.0
899,900,27.672387514713236,0.7451406218303778,31.581334379186995,31.581334379186995,31.581334379186995,31.581334379186995
900,901,-8.692017307118036,-0.8385124432042234,11.815478903236759,11.815478903236759,11.815478903236759,16.81547890323676
901,902,84.98721177821625,1.6581526312507064,61.15175852035883,40.0,61.15175852035883,inf
902,903,-11.861075139143722,0.7713477414802735,11.840810171908412,11.840810171908412,11.840810171908412,16.840810171908412
903,904,-59.469898839256864,0.2341568736602126,0.0,0.0,-inf,20.0
904,905,99.1314074609665,0.0020270923314550673,66.56773082281471,40.0,66.56773082281471,inf
905,906,44.78869137996736,-0.25423341256580123,39.14011227741788,39.14011227741788,39.14011227741788,39.14011227741788
906,907,-74.06597039413671,-0.5284758960162087,0.0,0.0,-inf,20.0
907,908,5.641306536625095,0.922512320439406,20.743165588751953,20.743165588751953,20.743165588751953,20.743165588751953
908,909,-38.74915740277418,0.19557231544411002,0.0,0.0,-inf,20.0
909,910,76.38216263917676,-0.018225082394306383,55.17285623719407,40.0,55.17285623719407,inf
910,911,-67.80910607754835,-0.5529905128097972,0.0,0.0,-inf,20.0
911,912,28.778720151197376,0.17244020204609486,31.56180027764478,31.56180027764478,31.56180027764478,31.56180027764478
912,913,91.51633643064721,2.0412975203885506,64.79946573571216,40.0,64.79946573571216,inf
913,914,81.76575456114995,0.46375426826987254,58.34663154884485,40.0,58.34663154884485,inf
914,915,80.09831505974293,-1.9798752701229811,55.06928225974848,40.0,55.06928225974848,inf
915,916,32.71777232366648,-2.2994714701581507,31.05941469167509,31.05941469167509,31.05941469167509,31.05941469167509
916,917,-39.390754381189886,0.7138348560810323,0.0,0.0,-inf,20.0
917,918,-85.01936219442298,-1.3699219200767077,0.0,0.0,-inf,20.0
918,919,-65.62873160991089,0.29000832207095006,0.0,0.0,-inf,20.0
919,920,78.71869858571455,0.6242756806497425,56.98362497350702,40.0,56.98362497350702,inf
920,921,41.58187745750746,0.6959934052009418,38.486932133954674,38.486932133954674,38.486932133954674,38.486932133954674
921,922,-79.1282217542452,1.9860750793068584,0.0,0.0,-inf,20.0
922,923,94.4066955452889,-0.3949328303788099,63.80841494226564,40.0,63.80841494226564,inf
923,924,1.9784933583875386,0.22903487374342296,18.218281552937192,18.218281552937192,18.218281552937192,23.218281552937192
924,925,-65.63900099462225,-0.592453889930549,0.0,0.0,-inf,20.0
925,926,-4.07915315443752,-1.2899334156756572,13.670490007105583,13.670490007105583,13.670490007105583,18.670490007105585
926,927,-20.16355653849415,-0.7684698404211073,6.149751890331818,6.149751890331818,6.149751890331818,6.149751890331818
927,928,-57.22400810911217,1.4589994667328063,0.0,0.0,-inf,20.0
928,929,26.587396288715752,1.4694790519468832,31.76317719630476,31.76317719630476,31.76317719630476,31.76317719630476
929,930,5.2187734322943555,-0.8039877698800182,18.80539894626716,18.80539894626716,18.80539894626716,23.80539894626716
930,931,-45.176502359130936,0.8144972376414036,0.0,0.0,-inf,20.0
931,932,60.55445168298141,-0.16368332023330737,47.11354252125739,40.0,47.11354252125739,inf
932,933,7.761809689258811,0.9054183652067983,21.786323209836205,21.786323209836205,21.786323209836205,21.786323209836205
933,934,-32.1128914145247,-0.8748579739212775,0.06869631881637417,0.06869631881637417,0.06869631881637417,0.06869631881637417
934,935,-68.4373426663934,0.3251211053455814,0.0,0.0,-inf,20.0
935,936,-0.10851343066870811,0.15425813060943266,17.100001415275077,17.100001415275077,17.100001415275077,22.100001415275077
936,937,-69.20732192109452,-0.8619030767263027,0.0,0.0,-inf,20.0
937,938,83.11502613462045,-0.5459057400997855,58.01160732721044,40.0,58.01160732721044,inf
938,939,-1.015757819061065,-0.4831599400528999,16.008961150416567,16.008961150416567,16.008961150416567,21.008961150416567
939,940,82.54616205483882,0.031158203200666514,58.30423923062008,40.0,58.30423923062008,inf
940,941,-36.02481240444402,1.6837438413400596,0.6713376391180494,0.6713376391180494,0.6713376391180494,0.6713376391180494
941,942,-7.949002676864751,1.614658950185133,14.640157611752757,14.640157611752757,14.640157611752757,19.640157611752755
942,943,4.27310660370668,1.624625627593815,20.761178929447155,20.761178929447155,20.761178929447155,20.761178929447155
943,944,79.66879294196312,0.6257234597404121,57.46011993072197,40.0,57.46011993072197,inf
944,945,-74.6103087344046,0.9923589852495763,0.0,0.0,-inf,20.0
945,946,-20.275096823015446,-0.962698534819096,5.899753053673181,5.899753053673181,5.899753053673181,5.899753053673181
946,947,-83.12597641920462,0.08616922327309526,0.0,0.0,-inf,20.0
947,948,82.86743253586081,1.1407220974865246,59.57443836541693,40.0,59.57443836541693,inf
948,949,63.31117429293528,0.38898373368105477,49.04457088014869,40.0,49.04457088014869,inf
949,950,-19.88742225315964,-0.6269270273881418,6.429361846032037,6.429361846032037,6.429361846032037,6.429361846032037
950,951,33.767947073074964,0.5168956740966381,34.40086921063412,34.40086921063412,34.40086921063412,34.40086921063412
951,952,8.60774817204657,0.2506243198320681,21.55449840585535,21.55449840585535,21.55449840585535,21.55449840585535
952,953,22.356866979965176,0.21742998437254055,28.395863474355128,28.395863474355128,28.395863474355128,28.395863474355128
953,954,70.43667525829235,-0.5036246822749436,51.71471294687123,40.0,51.71471294687123,inf
954,955,97.29572415811711,0.7073605400310748,66.35522261908963,40.0,66.35522261908963,inf
955,956,-83.82204230949242,-0.12427414455758211,0.0,0.0,-inf,20.0
956,957,13.577991722363564,-0.7302430081456786,23.058752853036104,23.058752853036104,23.058752853036104,23.058752853036104
957,958,80.6509943009554,0.029359444585524485,57.354856595063225,40.0,57.354856595063225,inf
958,959,-20.6959077202566,0.6114363749740033,7.263482514845704,7.263482514845704,7.263482514845704,7.263482514845704
959,960,-49.07469795388166,1.3911561566667785,0.0,0.0,-inf,20.0
960,961,-73.76366067437854,1.1869714620114489,0.0,0.0,-inf,20.0
961,962,25.044094387523998,-1.7209049874921136,27.801142206269887,27.801142206269887,27.801142206269887,27.801142206269887
962,963,-57.79585810682391,1.099974514715843,0.0,0.0,-inf,20.0
963,964,-24.332664639828664,0.6126774913655503,5.4463451714512185,5.4463451714512185,5.4463451714512185,5.4463451714512185
964,965,-19.750244053494242,0.5173757728114553,7.642253746064334,7.642253746064334,7.642253746064334,7.642253746064334
965,966,24.88946607269969,1.433878293754361,30.878611330104206,30.878611330104206,30.878611330104206,30.878611330104206
966,967,91.05302512262702,1.7340585443861891,64.2605711056997,40.0,64.2605711056997,inf
967,968,97.71447235805942,0.7148573383644334,66.57209351739415,40.0,66.57209351739415,inf
968,969,-40.21317660750705,-0.05614307498601653,0.0,0.0,-inf,20.0
969,970,-47.09688077267935,-0.4812960413967444,0.0,0.0,-inf,20.0
970,971,44.051589966240556,0.28544143797998295,39.31123642110026,39.31123642110026,39.31123642110026,39.31123642110026
971,972,37.91989856321621,0.46000889653499344,36.4199581781431,36.4199581781431,36.4199581781431,36.4199581781431
972,973,-45.72881219757588,-0.6165868189113164,0.0,0.0,-inf,20.0
973,974,89.19542890778885,1.8076529653282531,63.40536741922268,40.0,63.40536741922268,inf
974,975,60.27503788095464,1.6198066892834437,48.757325629760764,40.0,48.757325629760764,inf
975,976,-60.27478714010665,0.9532628819797685,0.0,0.0,-inf,20.0
976,977,-0.6898248627987584,1.9939662968429945,18.649053865443616,18.649053865443616,18.649053865443616,23.649053865443616
977,978,-81.54088638472425,0.9833202317009447,0.0,0.0,-inf,20.0
978,979,4.990075581028904,-0.2730227457759754,19.222015044738477,19.222015044738477,19.222015044738477,24.222015044738477
979,980,13.882288636067415,0.9904917239451755,24.931636041978884,24.931636041978884,24.931636041978884,24.931636041978884
980,981,-63.73289623620337,2.1147029857417134,0.0,0.0,-inf,20.0
981,982,-85.08441818389163,-0.14110774309021348,0.0,0.0,-inf,20.0
982,983,-63.98401508256877,-1.1828783954733642,0.0,0.0,-inf,20.0
983,984,-2.439016778093446,1.0643108841783024,16.844802495131578,16.844802495131578,16.844802495131578,21.844802495131578
984,985,-88.8133118544469,-1.6223442326445394,0.0,0.0,-inf,20.0
985,986,-65.19273404549037,-0.9276791698587648,0.0,0.0,-inf,20.0
986,987,-61.17800779624298,0.4455391978697365,0.0,0.0,-inf,20.0
987,988,-14.179230039266216,-0.3239234479319593,9.586461532434933,9.586461532434933,9.586461532434933,9.586461532434933
988,989,7.2431083967871075,1.804312096409802,22.425866294803356,22.425866294803356,22.425866294803356,22.425866294803356
989,990,-26.496758328482017,0.09639631454873349,3.8480171503077254,3.8480171503077254,3.8480171503077254,3.8480171503077254
990,991,29.078782182598218,0.7201440605907986,32.25953515188991,32.25953515188991,32.25953515188991,32.25953515188991
991,992,86.41012010465846,1.1957157068418152,61.40077575917105,40.0,61.40077575917105,inf
992,993,-53.415459087866935,0.1333293779443098,0.0,0.0,-inf,20.0
993,994,98.00405648833973,0.5982170032268327,66.6002452473967,40.0,66.6002452473967,inf
994,995,-33.26564607083216,-1.7299805688177077,0.0,0.0,-inf,20.0
995,996,19.70093435655258,2.111304121485037,28.961771299761327,28.961771299761327,28.961771299761327,28.961771299761327
996,997,-28.21597326958147,0.16701309823412558,3.0590264634433915,3.0590264634433915,3.0590264634433915,3.0590264634433915
997,998,36.07829676079166,-0.18809094066874477,34.851057439727086,34.851057439727086,34.851057439727086,34.851057439727086
998,999,70.63996241234796,-0.5583869755155961,51.76159423065838,40.0,51.76159423065838,inf
999,1000,58.56850562068266,0.27208987891322073,46.55634268925455,40.0,46.55634268925455,inf
